"InputText","TaskName","TaskType","Difficulty","DeadlineHint","Source","LabelVersion"
"lịch thi final ra r kìa 15 tây thi triết","Thi triết","ThiCuoiKy","3","","m8a_uniform","v2"
"Mình chưa xong bài tập Phân tích mạch điện, tối nay phải làm dứt điểm.","Bài tập","BaiTapVeNha","3","tối nay","m8a_uniform","v2"
"kiểm tra 1 tiết hóa thứ 6 hay thứ 7 vậy mấy bạn ơi","Kiểm tra 1 tiết hóa thứ 6 hay thứ 7 vậy mấy bạn ơ","KiemTraThuongXuyen","3","thứ 6","m8a_uniform","v2"
"Chiều mai kiểm tra Kinh tế vĩ mô, ai còn tài liệu ôn tập cho mình xin với.","Kiểm tra Kinh tế vĩ mô, ai còn tài liệu ôn tập ch","KiemTraThuongXuyen","3","mai","m8a_uniform","v2"
"Thi cuối kỳ môn Lập trình C đang đến gần, mình bắt đầu ôn từ hôm nay.","Thi cuối kỳ môn Lập trình C đang đến gần, mì","ThiCuoiKy","3","hôm nay","m8a_uniform","v2"
"final exam mạng máy tính vcl 🤯","Thi cuối kỳ","ThiCuoiKy","4","mai","m8a_uniform","v2"
"Deadline đồ án Xử lý ảnh số đã gần, mình cần hoàn thiện phần demo.","Làm project","BaiTapVeNha","4","","m8a_uniform","v2"
"exam cuối kỳ toán","Thi cuối kỳ","ThiCuoiKy","4","thứ 2","m8a_uniform","v2"
"Cô dặn làm bài tập phần đạo hàm hàm nhiều biến môn Giải tích 2 nộp thứ 4.","Bài tập","BaiTapVeNha","3","thứ 4","m8a_uniform","v2"
"t thi cuối kỳ toán 😭 😵‍💫","Thi cuối kỳ","ThiCuoiKy","3","tháng sau","m8a_uniform","v2"
"project môn Mạng máy tính đang trễ tiến độ","Làm project","BaiTapVeNha","4","","m8a_uniform","v2"
"Thi lại môn Vật lý đại cương vào tuần sau, lần này phải qua mới được nha.","Thi lại môn Vật lý đại cương vào tuần sau, l","ThiCuoiKy","3","tuần sau","m8a_uniform","v2"
"Đợt thi giữa kỳ môn Giải tích 2 khó hơn mình dự kiến, phải tập trung hơn.","Thi giữa kỳ môn Giải tích 2 khó hơn mình dự ","ThiCuoiKy","5","","m8a_uniform","v2"
"hôm nay tao làm phần frontend m làm backend nhé","Bài tập","BaiTapVeNha","3","hôm nay","m8a_uniform","v2"
"deadline ôn thi cuối kỳ Toán đang tới gần","Thi cuối kỳ Toán đang tới gần","ThiCuoiKy","4","","m8a_uniform","v2"
"Thầy nhắc nộp báo cáo Điều dưỡng cơ bản, mình cần kiểm tra lại format trước khi gửi.","Kiểm tra lại format trước khi gửi","KiemTraThuongXuyen","3","","m8a_uniform","v2"
"ai làm xong assignment Cơ sở dữ liệu chưa cho t copy tẹo =))","Bài tập","BaiTapVeNha","3","","m8a_uniform","v2"
"th 3 ktra 15p sử vl 😵‍💫","Kiểm tra 15 phút","KiemTraThuongXuyen","2","tuần sau","m8a_uniform","v2"
"chết mẹ quên làm btvn r cứu 🆘","Bài tập","BaiTapVeNha","3","","m8a_uniform","v2"
"m thi chung phòng 402 vs t pk","Thi chung phòng 402 vs t pk","ThiCuoiKy","3","","m8a_uniform","v2"
"ai làm xong assignment Triết chưa cho t copy tẹo =))","Bài tập","BaiTapVeNha","3","","m8a_uniform","v2"
"Mình chưa xong bài tập Lý thuyết xác suất, tối nay phải làm dứt điểm.","Bài tập","BaiTapVeNha","3","tối nay","m8a_uniform","v2"
"Chiều mai kiểm tra Kỹ thuật nhiệt, ai còn tài liệu ôn tập cho mình xin với.","Kiểm tra Kỹ thuật nhiệt, ai còn tài liệu ôn tập c","KiemTraThuongXuyen","3","mai","m8a_uniform","v2"
"Thi cuối kỳ môn Phương trình vi phân đang đến gần, mình bắt đầu ôn từ hôm nay.","Thi cuối kỳ môn Phương trình vi phân đang đế","ThiCuoiKy","3","hôm nay","m8a_uniform","v2"
"mai test anh văn","Test","KiemTraThuongXuyen","3","chiều nay","m8a_uniform","v2"
"anh pop quiz môn sinh chiều nay","Quiz","KiemTraThuongXuyen","4","hôm nay","m8a_uniform","v2"
"Ai có đề cương thi cuối kỳ môn Sinh lý học cho mình xin tham khảo.","Thi cuối kỳ môn Sinh lý học cho mình xin tha","ThiCuoiKy","3","","m8a_uniform","v2"
"deadline on thi cuối kỳ Cd sở dữ liệu aang tới gần","Thi cuối kỳ Cd sở dữ liệu aang tới gần","ThiCuoiKy","4","","m8a_uniform","v2"
"e k hiểu quiz tuần này 😐","Kiểm tra","KiemTraThuongXuyen","3","","m8a_uniform","v2"
"ai làm xong assignment Lập trình chưa cho t copy tẹo =))","Bài tập","BaiTapVeNha","3","","m8a_uniform","v2"
"nhóm 3 hnay nộp proposal cho cô nha","Nộp proposal","BaiTapVeNha","3","nay","m8a_uniform","v2"
"ktra miệng hóa lụm 🙃","Kiểm tra","KiemTraThuongXuyen","3","tuần sau","m8a_uniform","v2"
"tâm linh mách bảo mai thi vào câu 3","Thi vào câu 3","ThiCuoiKy","3","mai","m8a_uniform","v2"
"Bài tập lớn môn Nhập môn lập trình nộp thứ 3 tuần 11, làm game đoán số bằng C.","Bài tập","BaiTapVeNha","3","thứ 3","m8a_uniform","v2"
"vừa thất tình vừa phải làm đống bài tập giải tích 💔","Bài tập","BaiTapVeNha","3","","m8a_uniform","v2"
"tao ô n thi đợt này kk 🤯","Thi","ThiCuoiKy","5","hôm nay","m8a_uniform","v2"
"đợt này test nhỏ c++","Test","KiemTraThuongXuyen","2","tuần sau","m8a_uniform","v2"
"deadline ôn thi cuối kỳ Toán đang tới gần vkl","Thi cuối kỳ Toán đang tới gần vkl","ThiCuoiKy","4","","m8a_uniform","v2"
"mai thi djt cuj no mak d dau dam ngu","Thi djt cuj no mak d dau dam ngu","ThiCuoiKy","3","mai","m8a_uniform","v2"
"ô n thi đợt này","Thi","ThiCuoiKy","3","cuối tuần","m8a_uniform","v2"
"Đồ án môn Công nghệ phần mềm còn nhiều việc chưa xong, nhóm mình đang chạy deadline.","Làm project","BaiTapVeNha","4","","m8a_uniform","v2"
"deadline ôn thi cuối kỳ Hóa đang tới gần ak","Thi cuối kỳ Hóa đang tới gần ak","ThiCuoiKy","4","","m8a_uniform","v2"
"Mình cần ôn gấp cho bài thi giữa kỳ Tiếng Anh 3, nội dung khá nhiều.","Thi giữa kỳ Tiếng Anh 3, nội dung khá nhiều","ThiCuoiKy","5","","m8a_uniform","v2"
"em ô n exam đợt này","Thi","ThiCuoiKy","4","mai","m8a_uniform","v2"
"Deadline bài tập lớn môn Tâm lý học sắp tới, mình đang hoàn thiện phần cuối.","Bài tập","BaiTapVeNha","3","","m8a_uniform","v2"
"Đợt thi giữa kỳ môn Kinh tế vĩ mô khó hơn mình dự kiến, phải tập trung hơn.","Thi giữa kỳ môn Kinh tế vĩ mô khó hơn mình d","ThiCuoiKy","5","","m8a_uniform","v2"
"cuoi tuan nay thi r tao dang bi tram cam 🫠","Thi r tao dang bi tram cam 🫠","ThiCuoiKy","3","nay","m8a_uniform","v2"
"chuẩn bị thi final Triết rôi lo quá","Thi final Triết rôi lo quá","ThiCuoiKy","5","","m8a_uniform","v2"
"Mình phải nộp bài tập lớn Truyền thông đa phương tiện trong tuần này, ai rảnh review giúp mình không?","Bài tập","BaiTapVeNha","3","","m8a_uniform","v2"
"Thi giữa kỳ môn Kỹ thuật điện sắp diễn ra, mình đang ôn theo đề cương.","Thi giữa kỳ môn Kỹ thuật điện sắp diễn ra, m","ThiCuoiKy","3","","m8a_uniform","v2"
"bọn mình lịch thi ra rồi vl ✨","Thi","ThiCuoiKy","3","hôm nay","m8a_uniform","v2"
"em quiz anh văn 🥲 🙃","Quiz","KiemTraThuongXuyen","3","tuần sau","m8a_uniform","v2"
"bài tập Triết về nhà tuần này dài ngoằng","Bài tập","BaiTapVeNha","4","","m8a_uniform","v2"
"thi giữa kỳ triết căng 🧠","Thi","ThiCuoiKy","4","mai","m8a_uniform","v2"
"Đợt thi giữa kỳ môn Toán cao cấp A3 khó hơn mình dự kiến, phải tập trung hơn.","Thi giữa kỳ môn Toán cao cấp A3 khó hơn mình","ThiCuoiKy","4","","m8a_uniform","v2"
"Ai có đề cương thi cuối kỳ môn Động lực học cho mình xin tham khảo.","Thi cuối kỳ môn Động lực học cho mình xin th","ThiCuoiKy","3","","m8a_uniform","v2"
"bài tập Toán về nhà tuần này dài ngoằng zz","Bài tập","BaiTapVeNha","4","","m8a_uniform","v2"
"đồ án mn tự thân vận động nha t ốm k gánh dc r","Làm project","BaiTapVeNha","4","","m8a_uniform","v2"
"thứ 3 ktra 15p sử haha 🔥","Kiểm tra 15 phút","KiemTraThuongXuyen","3","tuần sau","m8a_uniform","v2"
"ai làm xong assignment Toán chưa cho t copy tẹo =))","Bài tập","BaiTapVeNha","3","","m8a_uniform","v2"
"đợt này final chắc toàn trắc nghiệm th chứ tự luận t đứt","Kiểm tra","ThiCuoiKy","3","","m8a_uniform","v2"
"lát học xong ở lại test thử c++ nha","Kiểm tra","KiemTraThuongXuyen","3","","m8a_uniform","v2"
"Bài tập về nhà môn Đại số tuyến tính cần hoàn thành sớm để kịp hạn nộp.","Bài tập","BaiTapVeNha","3","","m8a_uniform","v2"
"anh thi c cuối tuần","Thi","ThiCuoiKy","5","tháng sau","m8a_uniform","v2"
"Bài tập môn Giải tích số có vài câu khó, mình đang đối chiếu tài liệu.","Bài tập","BaiTapVeNha","5","","m8a_uniform","v2"
"ai làm xong assignment Kỹ năng mềm chưa cho t copy tẹo =))","Bài tập","BaiTapVeNha","3","","m8a_uniform","v2"
"t kiểm tra miệng hóa vc 😵‍💫","Kiểm tra","KiemTraThuongXuyen","4","mai","m8a_uniform","v2"
"project môn Lập trình đang trễ tiến độ","Làm project","BaiTapVeNha","4","","m8a_uniform","v2"
"em exam mô kk 🙃","Thi cuối kỳ","ThiCuoiKy","4","tháng sau","m8a_uniform","v2"
"project môn Lý đang trễ tiến độ vkl","Làm project","BaiTapVeNha","4","","m8a_uniform","v2"
"pop quiz Lập trình dễ ăn điểm lắm","Kiểm tra","KiemTraThuongXuyen","3","","m8a_uniform","v2"
"Bài tập về nhà môn Điện tử cơ bản làm mạch chỉnh lưu, nộp kèm báo cáo vào thứ 6.","Bài tập","BaiTapVeNha","3","thứ 6","m8a_uniform","v2"
"Nhớ làm bài tập về nhà môn Lập trình C++ trang 45 nha, dễ thôi.","Bài tập","BaiTapVeNha","2","","m8a_uniform","v2"
"mai thi toán chắc toang rồi 😭","Thi toán chắc toang rồi 😭","ThiCuoiKy","4","mai","m8a_uniform","v2"
"toang roi tk tao chua dk mon thi dcm","Thi dcm","ThiCuoiKy","5","","m8a_uniform","v2"
"Nhóm mình còn thiếu phần kết luận báo cáo đồ án môn Cơ sở dữ liệu, hoàn thiện trước thứ 5.","Làm project","BaiTapVeNha","4","thứ 5","m8a_uniform","v2"
"làm bài tập ktvm sao kho wá, chắc chớt mất","Bài tập","BaiTapVeNha","3","","m8a_uniform","v2"
"Bài tập lớn môn Thiết kế web nộp tuần 14, làm responsive hoàn chỉnh có cả backend.","Bài tập","BaiTapVeNha","3","","m8a_uniform","v2"
"Thi giữa kỳ môn Vật lý 2 sắp diễn ra, mình đang ôn theo đề cương.","Thi giữa kỳ môn Vật lý 2 sắp diễn ra, mình đ","ThiCuoiKy","3","","m8a_uniform","v2"
"chuẩn bị thi final Mạng máy tính rôi lo quá 👍","Thi final Mạng máy tính rôi lo quá 👍","ThiCuoiKy","4","","m8a_uniform","v2"
"đợt này test nhỏ c++ đm 📚","Test","KiemTraThuongXuyen","4","hôm nay","m8a_uniform","v2"
"ê mấy đứa bài kiểm tra thường xuyên hóa tuần sau đúng k, khó k mn","Kiểm tra thường xuyên hóa tuần sau đúng k, khó k ","KiemTraThuongXuyen","3","tuần sau","m8a_uniform","v2"
"project môn Triết đang trễ tiến độ zz","Làm project","BaiTapVeNha","4","","m8a_uniform","v2"
"anh mai thi hóa x100 💀","Thi","ThiCuoiKy","5","tháng sau","m8a_uniform","v2"
"nay tao di thi mak mang sai but chì 2b đcm đen","Thi mak mang sai but chì 2b đcm đen","ThiCuoiKy","3","nay","m8a_uniform","v2"
"em 15p tin học tuan sau kk ✨","Kiểm tra 15 phút","KiemTraThuongXuyen","3","tuần sau","m8a_uniform","v2"
"mai test anh văn lụi 📝","Test","KiemTraThuongXuyen","4","tuần sau","m8a_uniform","v2"
"dm thằng A ko làm group work tao kich nó nha","Bài tập","BaiTapVeNha","3","","m8a_uniform","v2"
"Tuần này có bài kiểm tra môn Pháp luật đại cương, mình đang ôn lại nội dung chính.","Kiểm tra môn Pháp luật đại cương, mình đang ôn lạ","KiemTraThuongXuyen","3","","m8a_uniform","v2"
"tao th 3 ktra 15p sử kk 🤯","Kiểm tra 15 phút","KiemTraThuongXuyen","3","chiều nay","m8a_uniform","v2"
"project môn Cơ sở dữ liệu đang trễ tiến độ zz","Làm project","BaiTapVeNha","4","","m8a_uniform","v2"
"final exam mạng máy tính căng 📝","Thi cuối kỳ","ThiCuoiKy","5","cuối tuần","m8a_uniform","v2"
"anh 15p tin học tuần sau :)) 📝","Kiểm tra 15 phút","KiemTraThuongXuyen","4","hôm nay","m8a_uniform","v2"
"thứ 3 ktra 15p sử á ae","Kiểm tra 15p sử á ae","KiemTraThuongXuyen","3","thứ 3","m8a_uniform","v2"
"Bài tập lớn môn Giải tích khá nặng, mình đang chia nhỏ công việc để làm dần.","Bài tập","BaiTapVeNha","3","","m8a_uniform","v2"
"assignment chua lo xong ma con bao đi nhậu","Bài tập","BaiTapVeNha","3","","m8a_uniform","v2"
"project mon Toan aang trễ tiến aộ","Làm project","BaiTapVeNha","4","","m8a_uniform","v2"
"Tuần này có bài kiểm tra môn Kinh tế vĩ mô, mình đang ôn lại nội dung chính.","Kiểm tra môn Kinh tế vĩ mô, mình đang ôn lại nội ","KiemTraThuongXuyen","3","","m8a_uniform","v2"
"Em chưa làm bài homework, ai gửi file cho em với, deadline là tối nay 23h59, em cảm ơn","Bài tập","BaiTapVeNha","3","tối nay","m8a_uniform","v2"
"Bài tập về nhà môn Lý thuyết xác suất cần hoàn thành sớm để kịp hạn nộp.","Bài tập","BaiTapVeNha","3","","m8a_uniform","v2"
"bọn mình bài test ngắn hnay","Test","KiemTraThuongXuyen","2","thứ 3","m8a_uniform","v2"
"Bai project lớn này khó quá, ai giúp mình với, nộp vào thứ 6 tuần sau","Làm project","BaiTapVeNha","4","thứ 6","m8a_uniform","v2"
"Đồ án môn Trí tuệ nhân tạo nhóm mình chọn đề tài nhận diện khuôn mặt, hạn cuối tuần 15.","Làm project","BaiTapVeNha","4","cuối tuần","m8a_uniform","v2"
"ai lom xong assignment Cd sở dữ liệu chưa cho t copy tẹo =))","Bài tập","BaiTapVeNha","3","","m8a_uniform","v2"
"deadline ôn thi cuối kỳ Lý đang tới gần 🔥","Thi cuối kỳ Lý đang tới gần 🔥","ThiCuoiKy","4","","m8a_uniform","v2"
"m final exam mạng máy tính","Thi cuối kỳ","ThiCuoiKy","4","tháng sau","m8a_uniform","v2"
"thi giữa kỳ triết kk 🙃","Thi","ThiCuoiKy","5","thứ 2","m8a_uniform","v2"
"m exam hóa","Thi","ThiCuoiKy","3","thứ 2","m8a_uniform","v2"
"pop quiz môn sinh chiều nay haha 📝","Quiz","KiemTraThuongXuyen","3","hôm nay","m8a_uniform","v2"
"Thi cuối kỳ môn Nhập môn AI ngày 22, ôn phần thuật toán tìm kiếm và học máy cơ bản.","Thi cuối kỳ môn Nhập môn AI ngày 22, ôn phần","ThiCuoiKy","4","","m8a_uniform","v2"
"sổ điểm danh dâu đưa t kí nốt nay có quiz đấy","Kiểm tra","KiemTraThuongXuyen","3","nay","m8a_uniform","v2"
"quiz anh văn","Quiz","KiemTraThuongXuyen","3","mai","m8a_uniform","v2"
"Môn Cơ sở dữ liệu thi cuối kỳ khá khó, cần ôn theo từng chương.","Thi cuối kỳ khá khó, cần ôn theo từng chương","ThiCuoiKy","5","","m8a_uniform","v2"
"deadline ôn thi cuối kỳ Triết đang tới gần 😭","Thi cuối kỳ Triết đang tới gần 😭","ThiCuoiKy","4","","m8a_uniform","v2"
"Thi cuối kỳ môn Giải phẫu học đang đến gần, mình bắt đầu ôn từ hôm nay.","Thi cuối kỳ môn Giải phẫu học đang đến gần, ","ThiCuoiKy","3","hôm nay","m8a_uniform","v2"
"bài tập Kỹ năng mềm về nhà tuần này dài ngoằng hz","Bài tập","BaiTapVeNha","4","","m8a_uniform","v2"
"Mình cần chuẩn bị cho bài kiểm tra Tiếng Anh, độ khó khá cao.","Kiểm tra Tiếng Anh, độ khó khá cao","KiemTraThuongXuyen","3","","m8a_uniform","v2"
"Thứ 6 tuần sau kiểm tra 1 tiết Toán nha, khá dễ.","Kiểm tra 1 tiết Toán nha, khá dễ","KiemTraThuongXuyen","3","thứ 6","m8a_uniform","v2"
"ai giúp bài project với 😐","Làm project","BaiTapVeNha","4","","m8a_uniform","v2"
"Mình cần chuẩn bị cho bài kiểm tra An toàn thông tin, độ khó khá cao.","Kiểm tra An toàn thông tin, độ khó khá cao","KiemTraThuongXuyen","3","","m8a_uniform","v2"
"m kiểm tra nhanh cuối buổi vl 😵‍💫","Kiểm tra","KiemTraThuongXuyen","3","tuần sau","m8a_uniform","v2"
"Thầy cô nhắc nộp bài tập nhóm Phân tích thiết kế hệ thống, mình đang tổng hợp nội dung.","Bài tập","BaiTapVeNha","3","","m8a_uniform","v2"
"project mon Lu aang trễ tiến aộ","Làm project","BaiTapVeNha","4","","m8a_uniform","v2"
"đóng máy đ ngủ mai làm đồ án tiếp đuối qá r","Làm project","BaiTapVeNha","4","mai","m8a_uniform","v2"
"chưa bao h t thấy bài test trên lớp nhàn ntn haha","Kiểm tra","KiemTraThuongXuyen","3","","m8a_uniform","v2"
"ai làm xong assignment Triết chưa cho t copy tẹo =)) ak","Bài tập","BaiTapVeNha","3","","m8a_uniform","v2"
"Tuần này có bài kiểm tra môn Lý, mình đang ôn lại nội dung chính.","Kiểm tra môn Lý, mình đang ôn lại nội dung chính","KiemTraThuongXuyen","3","","m8a_uniform","v2"
"thi off t sợ vãi t thèm thi onl","Thi onl","ThiCuoiKy","3","","m8a_uniform","v2"
"Mình phải nộp bài tập lớn Luật kinh tế trong tuần này, ai rảnh review giúp mình không?","Bài tập","BaiTapVeNha","3","","m8a_uniform","v2"
"chuẩn bị thi final Hóa rôi lo quá","Thi final Hóa rôi lo quá","ThiCuoiKy","5","","m8a_uniform","v2"
"pop quiz Lu dễ yn aiểm lắm","Kiểm tra","KiemTraThuongXuyen","3","","m8a_uniform","v2"
"bài tập Lý về nhà tuần này dài ngoằng 😭","Bài tập","BaiTapVeNha","4","","m8a_uniform","v2"
"Mình phải nộp bài tập lớn Kinh tế lượng trong tuần này, ai rảnh review giúp mình không?","Bài tập","BaiTapVeNha","3","","m8a_uniform","v2"
"report Triết làm thuyết trình ez","Làm report","BaiTapVeNha","3","","m8a_uniform","v2"
"Thi cuối kỳ môn Cơ sở dữ liệu đang đến gần, mình bắt đầu ôn từ hôm nay.","Thi cuối kỳ môn Cơ sở dữ liệu đang đến gần, ","ThiCuoiKy","3","hôm nay","m8a_uniform","v2"
"team mình mai test anh văn","Test","KiemTraThuongXuyen","2","tuần sau","m8a_uniform","v2"
"Mình cần chuẩn bị cho bài kiểm tra Toán cao cấp, độ khó khá cao.","Kiểm tra Toán cao cấp, độ khó khá cao","KiemTraThuongXuyen","3","","m8a_uniform","v2"
"chuẩn bị final chill 😵‍💫","Thi cuối kỳ","ThiCuoiKy","4","cuối tuần","m8a_uniform","v2"
"thằng nào có đề test năm ngoái share tao với","Kiểm tra","KiemTraThuongXuyen","3","","m8a_uniform","v2"
"thi cuối kỳ toán x100 💀","Thi cuối kỳ","ThiCuoiKy","5","thứ 2","m8a_uniform","v2"
"Deadline đồ án Thiết kế web đã gần, mình cần hoàn thiện phần demo.","Làm project","BaiTapVeNha","4","","m8a_uniform","v2"
"Mình phải nộp bài tập lớn Kỹ thuật phần mềm trong tuần này, ai rảnh review giúp mình không?","Bài tập","BaiTapVeNha","3","","m8a_uniform","v2"
"ai làm xong assignment Lý chưa cho t copy tẹo =))","Bài tập","BaiTapVeNha","3","","m8a_uniform","v2"
"Mình chưa xong bài tập Xác suất thống kê, tối nay phải làm dứt điểm.","Bài tập","BaiTapVeNha","3","tối nay","m8a_uniform","v2"
"pop quiz Toán dễ ăn điểm lắm zz","Kiểm tra","KiemTraThuongXuyen","3","","m8a_uniform","v2"
"chuẩn bị final x100 📝","Thi cuối kỳ","ThiCuoiKy","4","mai","m8a_uniform","v2"
"bài tập Toán về nhà tuần này dài ngoằng","Bài tập","BaiTapVeNha","4","","m8a_uniform","v2"
"m thi qua môn là được","Thi","ThiCuoiKy","4","tháng sau","m8a_uniform","v2"
"móa nó ktra 1 tiết mà cho mẹ 4 câu tự luận siêu khó","Kiểm tra 1 tiết mà cho mẹ 4 câu tự luận siêu khó","KiemTraThuongXuyen","3","","m8a_uniform","v2"
"tao ktra miệng hóa lụm 📚","Kiểm tra","KiemTraThuongXuyen","3","mai","m8a_uniform","v2"
"Mình cần ôn gấp cho bài thi giữa kỳ Giải tích 2, nội dung khá nhiều.","Thi giữa kỳ Giải tích 2, nội dung khá nhiều","ThiCuoiKy","5","","m8a_uniform","v2"
"t quiz anh văn vl ⏰","Quiz","KiemTraThuongXuyen","2","hôm nay","m8a_uniform","v2"
"ai làm xong assignment Lập trình chưa cho t copy tẹo =)) 🔥","Bài tập","BaiTapVeNha","3","","m8a_uniform","v2"
"pop quiz Toan dễ yn aiểm lắm","Kiểm tra","KiemTraThuongXuyen","3","","m8a_uniform","v2"
"chuẩn bị thi final Triết roi lo qua","Thi final Triết roi lo qua","ThiCuoiKy","5","","m8a_uniform","v2"
"15p tin học tuan sau :)) 😵‍💫","Kiểm tra 15 phút","KiemTraThuongXuyen","3","chiều nay","m8a_uniform","v2"
"project mon Kỹ nyng mềm aang trễ tiến aộ","Làm project","BaiTapVeNha","4","","m8a_uniform","v2"
"Bài tập lớn môn Triết học Mác - Lênin khá nặng, mình đang chia nhỏ công việc để làm dần.","Bài tập","BaiTapVeNha","3","","m8a_uniform","v2"
"project môn Kỹ năng mềm đang trễ tiến độ 😭","Làm project","BaiTapVeNha","4","","m8a_uniform","v2"
"tuần thi củ chuối này t thức tới 3h sag liên tục 2 ngày r mắt thâm quần ln","Thi củ chuối này t thức tới 3h sag liên tục ","ThiCuoiKy","3","","m8a_uniform","v2"
"Ai có đề cương thi cuối kỳ môn Cơ sở dữ liệu cho mình xin tham khảo.","Thi cuối kỳ môn Cơ sở dữ liệu cho mình xin t","ThiCuoiKy","3","","m8a_uniform","v2"
"mô phật cho con thi qua môn này 10d k cần thiết","Thi ết","ThiCuoiKy","3","","m8a_uniform","v2"
"bài tập Kỹ năng mềm về nhà tuần này dài ngoằng vkl","Bài tập","BaiTapVeNha","4","","m8a_uniform","v2"
"hôm bữa cô dặn ôn bài gì để ktra v tụi m","Kiểm tra v tụi m","KiemTraThuongXuyen","3","","m8a_uniform","v2"
"bài tập Lập trình về nhà tuần này dài ngoằng","Bài tập","BaiTapVeNha","4","","m8a_uniform","v2"
"Cô Hương nhắc cả lớp bài kiểm tra giữa kỳ môn Kế toán tài chính vào thứ 2 tuần 10.","Kiểm tra giữa kỳ môn Kế toán tài chính vào thứ 2 ","KiemTraThuongXuyen","3","thứ 2","m8a_uniform","v2"
"Ai có đề cương thi cuối kỳ môn Lập trình C cho mình xin tham khảo.","Thi cuối kỳ môn Lập trình C cho mình xin tha","ThiCuoiKy","3","","m8a_uniform","v2"
"mai kiểm tra roi mak t chua kip in de nua m co du de ko","Kiểm tra roi mak t chua kip in de nua m co du de ","KiemTraThuongXuyen","3","mai","m8a_uniform","v2"
"m thi hóa 😭 😵‍💫","Thi","ThiCuoiKy","4","cuối tuần","m8a_uniform","v2"
"lịch thi ra rồi haha 🤯","Thi","ThiCuoiKy","4","thứ 2","m8a_uniform","v2"
"Môn Động lực học thi cuối kỳ khá khó, cần ôn theo từng chương.","Thi cuối kỳ khá khó, cần ôn theo từng chương","ThiCuoiKy","5","","m8a_uniform","v2"
"t thấy idea của thg a k khả thi cho prj mk đổi đề tài đ k","Thi cho prj mk đổi đề tài đ k","ThiCuoiKy","3","","m8a_uniform","v2"
"chuẩn bị thi final Mạng máy tính rôi lo quá","Thi final Mạng máy tính rôi lo quá","ThiCuoiKy","4","","m8a_uniform","v2"
"bài tập giải tích mk ko hiểu đề gì luôn, nộp t3","Bài tập","BaiTapVeNha","3","t3","m8a_uniform","v2"
"Đợt thi giữa kỳ môn Vật lý 2 khó hơn mình dự kiến, phải tập trung hơn.","Thi giữa kỳ môn Vật lý 2 khó hơn mình dự kiế","ThiCuoiKy","5","","m8a_uniform","v2"
"team mình lịch thi ra rồi","Thi","ThiCuoiKy","3","cuối tuần","m8a_uniform","v2"
"quiz anh văn kk 🤯","Quiz","KiemTraThuongXuyen","3","mai","m8a_uniform","v2"
"Thầy ra bài tập phần hàm số mũ và logarit môn Toán B1, hạn nộp thứ 3.","Bài tập","BaiTapVeNha","3","thứ 3","m8a_uniform","v2"
"bọn mình lịch thi ra rồi 😭 💀","Thi","ThiCuoiKy","3","mai","m8a_uniform","v2"
"Nhóm mình còn nợ phần kết quả thực nghiệm báo cáo đồ án, nộp thứ 6 tuần tới nha.","Làm project","BaiTapVeNha","4","thứ 6","m8a_uniform","v2"
"m chuẩn bị final 🥲 🧠","Thi cuối kỳ","ThiCuoiKy","5","tháng sau","m8a_uniform","v2"
"Kiểm tra 1 tiết môn Địa lý kinh tế thứ 3 tuần này, ôn từ chương 1 đến chương 4.","Kiểm tra 1 tiết môn Địa lý kinh tế thứ 3 tuần này","KiemTraThuongXuyen","3","thứ 3","m8a_uniform","v2"
"bài tập Lý về nhà tuần này dài ngoằng","Bài tập","BaiTapVeNha","4","","m8a_uniform","v2"
"Thi cuối kỳ môn Cấu trúc dữ liệu và giải thuật ngày 18/12, ôn phần cây và đồ thị kỹ.","Thi cuối kỳ môn Cấu trúc dữ liệu và giải thu","ThiCuoiKy","3","","m8a_uniform","v2"
"chuẩn bị thi final Kỹ nyng mềm roi lo qua","Thi final Kỹ nyng mềm roi lo qua","ThiCuoiKy","5","","m8a_uniform","v2"
"chuẩn bị final lụi 🤯","Thi cuối kỳ","ThiCuoiKy","4","cuối tuần","m8a_uniform","v2"
"Mình cần ôn gấp cho bài thi giữa kỳ Kỹ thuật điện, nội dung khá nhiều.","Thi giữa kỳ Kỹ thuật điện, nội dung khá nhiề","ThiCuoiKy","5","","m8a_uniform","v2"
"Bài tập môn Lập trình Prolog có vài câu khó, mình đang đối chiếu tài liệu.","Bài tập","BaiTapVeNha","5","","m8a_uniform","v2"
"bài tập Mạng máy tính về nhà tuần này dài ngoằng","Bài tập","BaiTapVeNha","4","","m8a_uniform","v2"
"chj ơi e k hiểu bài quiz tuần này 😐","Kiểm tra","KiemTraThuongXuyen","3","","m8a_uniform","v2"
"Thi giữa kỳ môn Toán rời rạc sắp diễn ra, mình đang ôn theo đề cương.","Thi giữa kỳ môn Toán rời rạc sắp diễn ra, mì","ThiCuoiKy","4","","m8a_uniform","v2"
"pop quiz Triết dễ ăn điểm lắm 😭","Kiểm tra","KiemTraThuongXuyen","3","","m8a_uniform","v2"
"deadline ôn thi cuối kỳ Lý đang tới gần ak","Thi cuối kỳ Lý đang tới gần ak","ThiCuoiKy","4","","m8a_uniform","v2"
"Kiểm tra 15 phút môn Cơ học kỹ thuật đầu giờ thứ 5, ôn phần tĩnh học cân bằng.","Kiểm tra 15 phút môn Cơ học kỹ thuật đầu giờ thứ ","KiemTraThuongXuyen","3","thứ 5","m8a_uniform","v2"
"thầy bảo mai có pop quiz đấy ae cẩn thận","Kiểm tra","KiemTraThuongXuyen","3","mai","m8a_uniform","v2"
"tuan sau test midterm kinh te vi mo do nhe","Kiểm tra","KiemTraThuongXuyen","3","tuan sau","m8a_uniform","v2"
"thi final mà t ngồi gãi đít từ đầu h tới cúi h","Thi final mà t ngồi gãi đít từ đầu h tới cúi","ThiCuoiKy","3","","m8a_uniform","v2"
"ai lom xong assignment Lu chưa cho t copy tẹo =))","Bài tập","BaiTapVeNha","3","","m8a_uniform","v2"
"ktra 1 tiết toán gấp 📝","Kiểm tra 1 tiết","KiemTraThuongXuyen","2","mai","m8a_uniform","v2"
"Bài tập về nhà môn Phân tích mạch điện cần hoàn thành sớm để kịp hạn nộp.","Bài tập","BaiTapVeNha","3","","m8a_uniform","v2"
"Bài tập phần lập trình socket môn Lập trình mạng nộp thứ 4, làm cả client và server.","Bài tập","BaiTapVeNha","3","thứ 4","m8a_uniform","v2"
"t mai test anh văn vl 😵‍💫","Test","KiemTraThuongXuyen","2","tuần sau","m8a_uniform","v2"
"Nhóm mình bảo vệ đồ án môn Hệ thống nhúng vào thứ 6 tuần 16, demo phần cứng trực tiếp.","Làm project","BaiTapVeNha","4","thứ 6","m8a_uniform","v2"
"project môn Lý đang trễ tiến độ zz","Làm project","BaiTapVeNha","4","","m8a_uniform","v2"
"thu 6 ktra speaking 1-1 t xo qus m oi","Kiểm tra speaking 1-1 t xo qus m oi","KiemTraThuongXuyen","3","","m8a_uniform","v2"
"Thứ 6 tuần sau kiểm tra 1 tiết Anh nha, khá khó.","Kiểm tra 1 tiết Anh nha, khá khó","KiemTraThuongXuyen","3","thứ 6","m8a_uniform","v2"
"kiểm tra nhanh cuối buổi","Kiểm tra","KiemTraThuongXuyen","3","chiều nay","m8a_uniform","v2"
"tao thi qua môn là được x100 ✨","Thi","ThiCuoiKy","4","cuối tuần","m8a_uniform","v2"
"deadline ôn thi cuối kỳ Hóa đang tới gần","Thi cuối kỳ Hóa đang tới gần","ThiCuoiKy","4","","m8a_uniform","v2"
"bai ktra cua mng nay ok k mk làm sai cmn câu cúi huhu","Kiểm tra cua mng nay ok k mk làm sai cmn câu cúi ","KiemTraThuongXuyen","3","nay","m8a_uniform","v2"
"em mai thi hóa","Thi","ThiCuoiKy","4","tháng sau","m8a_uniform","v2"
"Em chưa hiểu bài quiz tuần này, có ai giải thích giúp em không, em hỏi nhiều lần rồi","Kiểm tra","KiemTraThuongXuyen","3","","m8a_uniform","v2"
"tao ktra 1 tiết toán","Kiểm tra 1 tiết","KiemTraThuongXuyen","2","thứ 3","m8a_uniform","v2"
"Tuần này có bài kiểm tra môn Lịch sử Đảng, mình đang ôn lại nội dung chính.","Kiểm tra môn Lịch sử Đảng, mình đang ôn lại nội d","KiemTraThuongXuyen","3","","m8a_uniform","v2"
"ôi trời kiểm tra 1 tiết mà học hok vô gì hết, chắc chớt rồi","Kiểm tra 1 tiết mà học hok vô gì hết, chắc chớt r","KiemTraThuongXuyen","3","","m8a_uniform","v2"
"deadline ôn thi cuối kỳ Toán đang tới gần 🔥","Thi cuối kỳ Toán đang tới gần 🔥","ThiCuoiKy","4","","m8a_uniform","v2"
"nay làm bài tập dc có 5 điểm trầm cảm cmnl","Bài tập","BaiTapVeNha","3","nay","m8a_uniform","v2"
"em ktra 1 tiết toán gấp ✨","Kiểm tra 1 tiết","KiemTraThuongXuyen","4","thứ 3","m8a_uniform","v2"
"deadline ôn thi cuối kỳ Kỹ năng mềm đang tới gần 🔥","Thi cuối kỳ Kỹ năng mềm đang tới gần 🔥","ThiCuoiKy","4","","m8a_uniform","v2"
"m test anh văn","Test","KiemTraThuongXuyen","4","hôm nay","m8a_uniform","v2"
"Deadline đồ án Kỹ thuật phần mềm đã gần, mình cần hoàn thiện phần demo.","Làm project","BaiTapVeNha","4","","m8a_uniform","v2"
"pop quiz môn sinh chiều nay","Quiz","KiemTraThuongXuyen","3","chiều nay","m8a_uniform","v2"
"Thầy cô nhắc nộp bài tập nhóm Tâm lý khách hàng, mình đang tổng hợp nội dung.","Bài tập","BaiTapVeNha","3","","m8a_uniform","v2"
"Mình chưa xong bài tập Lập trình SQL, tối nay phải làm dứt điểm.","Bài tập","BaiTapVeNha","3","tối nay","m8a_uniform","v2"
"Bài tập môn Kiến trúc máy tính có vài câu khó, mình đang đối chiếu tài liệu.","Bài tập","BaiTapVeNha","5","","m8a_uniform","v2"
"Bài tập lập trình Python chương 7 nộp thứ 6, làm phần xử lý chuỗi.","Bài tập","BaiTapVeNha","3","thứ 6","m8a_uniform","v2"
"Deadline bài tập lớn môn Kỹ thuật phần mềm sắp tới, mình đang hoàn thiện phần cuối.","Bài tập","BaiTapVeNha","3","","m8a_uniform","v2"
"chuẩn bị thi môn mạng máy tính thấy bảo rớt nhiều lắm","Thi môn mạng máy tính thấy bảo rớt nhiều lắm","ThiCuoiKy","4","","m8a_uniform","v2"
"ai làm xong assignment Triết chưa cho t copy tẹo =)) 😂","Bài tập","BaiTapVeNha","3","","m8a_uniform","v2"
"project môn Lý đang trễ tiến độ hz","Làm project","BaiTapVeNha","4","","m8a_uniform","v2"
"bọn mình thi giữa kỳ triết 🥲 ⏰","Thi","ThiCuoiKy","5","tháng sau","m8a_uniform","v2"
"Đợt thi giữa kỳ môn Nguyên lý kế toán khó hơn mình dự kiến, phải tập trung hơn.","Thi giữa kỳ môn Nguyên lý kế toán khó hơn mì","ThiCuoiKy","4","","m8a_uniform","v2"
"Deadline đồ án Lập trình mobile đã gần, mình cần hoàn thiện phần demo.","Làm project","BaiTapVeNha","4","","m8a_uniform","v2"
"Deadline bài tập lớn môn Triết học Mác - Lênin sắp tới, mình đang hoàn thiện phần cuối.","Bài tập","BaiTapVeNha","3","","m8a_uniform","v2"
"pop quiz Lập trình dễ ăn điểm lắm 🔥","Kiểm tra","KiemTraThuongXuyen","3","","m8a_uniform","v2"
"th 3 ktra 15p sử","Kiểm tra 15 phút","KiemTraThuongXuyen","4","hôm nay","m8a_uniform","v2"
"Đồ án môn Kỹ thuật phần mềm nộp cuối học kỳ, bảo vệ dự kiến tuần 17.","Làm project","BaiTapVeNha","4","","m8a_uniform","v2"
"Nhóm mình cần nộp bài tập môn Kế toán tài chính trong tuần này.","Bài tập","BaiTapVeNha","3","","m8a_uniform","v2"
"Mình cần ôn gấp cho bài thi giữa kỳ Tài chính doanh nghiệp, nội dung khá nhiều.","Thi giữa kỳ Tài chính doanh nghiệp, nội dung","ThiCuoiKy","5","","m8a_uniform","v2"
"ai lom xong assignment Mạng may tinh chưa cho t copy tẹo =))","Bài tập","BaiTapVeNha","3","","m8a_uniform","v2"
"mng oi phan t lam t gui link drive r dzo ktra xem ok chua","Kiểm tra xem ok chua","KiemTraThuongXuyen","3","","m8a_uniform","v2"
"Đồ án môn Trí tuệ nhân tạo yêu cầu cả báo cáo và source, mình đang soạn lại tài liệu.","Làm project","BaiTapVeNha","4","","m8a_uniform","v2"
"sếp bảo mai nộp plan cho project mới á ae","Làm project","BaiTapVeNha","4","mai","m8a_uniform","v2"
"Đồ án môn Mạng no-ron nhân tạo yêu cầu cả báo cáo và source, mình đang soạn lại tài liệu.","Làm project","BaiTapVeNha","4","","m8a_uniform","v2"
"Chị ơi, em chưa hiểu bài quiz","Kiểm tra","KiemTraThuongXuyen","3","","m8a_uniform","v2"
"ô n thi đợt này :)) 😵‍💫","Thi","ThiCuoiKy","3","thứ 2","m8a_uniform","v2"
"bài tập chương 4 giải tích mk ko hiểu gì hết, nộp t4 mà","Bài tập","BaiTapVeNha","3","t4","m8a_uniform","v2"
"deadline ôn thi cuối kỳ Triết đang tới gần","Thi cuối kỳ Triết đang tới gần","ThiCuoiKy","4","","m8a_uniform","v2"
"ai làm xong assignment Mạng máy tính chưa cho t copy tẹo =))","Bài tập","BaiTapVeNha","3","","m8a_uniform","v2"
"pop quiz Mạng máy tính dễ ăn điểm lắm 🔥","Kiểm tra","KiemTraThuongXuyen","3","","m8a_uniform","v2"
"lịch exam ra rồi 🥲 🧠","Thi","ThiCuoiKy","5","cuối tuần","m8a_uniform","v2"
"Ai có đề cương thi cuối kỳ môn Máy điện cho mình xin tham khảo.","Thi cuối kỳ môn Máy điện cho mình xin tham k","ThiCuoiKy","3","","m8a_uniform","v2"
"Bài tập về nhà môn Kiến trúc máy tính cần hoàn thành sớm để kịp hạn nộp.","Bài tập","BaiTapVeNha","3","","m8a_uniform","v2"
"exam mô chill 📝","Thi cuối kỳ","ThiCuoiKy","5","mai","m8a_uniform","v2"
"deadline assignment 2 là tối thứ 6 nha mn","Bài tập","BaiTapVeNha","3","thứ 6","m8a_uniform","v2"
"Mình phải nộp bài tập lớn Giải tích trong tuần này, ai rảnh review giúp mình không?","Bài tập","BaiTapVeNha","3","","m8a_uniform","v2"
"ai làm xong assignment Hóa chưa cho t copy tẹo =))","Bài tập","BaiTapVeNha","3","","m8a_uniform","v2"
"Môn Giải phẫu học thi cuối kỳ khá khó, cần ôn theo từng chương.","Thi cuối kỳ khá khó, cần ôn theo từng chương","ThiCuoiKy","5","","m8a_uniform","v2"
"mai mang thẻ sv đi ms dc vô phg thi nha tml tao nhắc r đấy","Thi nha tml tao nhắc r đấy","ThiCuoiKy","3","mai","m8a_uniform","v2"
"Bài tập lớn môn Mạng máy tính khá nặng, mình đang chia nhỏ công việc để làm dần.","Bài tập","BaiTapVeNha","3","","m8a_uniform","v2"
"toi nay thuc khuya lam not cai report","Làm report","BaiTapVeNha","3","nay","m8a_uniform","v2"
"Deadline bài tập lớn môn Luật kinh tế sắp tới, mình đang hoàn thiện phần cuối.","Bài tập","BaiTapVeNha","3","","m8a_uniform","v2"
"Môn Sinh lý học thi cuối kỳ khá khó, cần ôn theo từng chương.","Thi cuối kỳ khá khó, cần ôn theo từng chương","ThiCuoiKy","5","","m8a_uniform","v2"
"ai làm đồ án chưa, nhóm mình chưa bắt đầu gì luôn mà hạn tuần sau rồi","Làm project","BaiTapVeNha","4","tuần sau","m8a_uniform","v2"
"project môn Cơ sở dữ liệu đang trễ tiến độ 😭","Làm project","BaiTapVeNha","4","","m8a_uniform","v2"
"Tuần này có bài kiểm tra môn An toàn thông tin, mình đang ôn lại nội dung chính.","Kiểm tra môn An toàn thông tin, mình đang ôn lại ","KiemTraThuongXuyen","3","","m8a_uniform","v2"
"bài tập Kỹ năng mềm về nhà tuần này dài ngoằng 😂","Bài tập","BaiTapVeNha","4","","m8a_uniform","v2"
"Bài tập thực hành môn Vi điều khiển tuần này lập trình LED nhấp nháy, nộp file code thứ 4.","Bài tập","BaiTapVeNha","3","thứ 4","m8a_uniform","v2"
"đụ má rớt môn chắc luôm r thi gì khó như quỷ","Thi gì khó như quỷ","ThiCuoiKy","5","","m8a_uniform","v2"
"tháng sau là final exam r ae tập trung nha","Kiểm tra","ThiCuoiKy","3","","m8a_uniform","v2"
"Thi lại môn Toán rời rạc đợt này phải ôn kỹ phần logic và lý thuyết đồ thị.","Thi lại môn Toán rời rạc đợt này phải ôn kỹ ","ThiCuoiKy","4","","m8a_uniform","v2"
"thi c cuối tuần","Thi","ThiCuoiKy","4","thứ 2","m8a_uniform","v2"
"team mình pop quiz môn sinh chiều nay lụm 📝","Quiz","KiemTraThuongXuyen","3","mai","m8a_uniform","v2"
"project môn Cơ sở dữ liệu đang trễ tiến độ","Làm project","BaiTapVeNha","4","","m8a_uniform","v2"
"Môn Kỹ thuật số thi cuối kỳ khá khó, cần ôn theo từng chương.","Thi cuối kỳ khá khó, cần ôn theo từng chương","ThiCuoiKy","5","","m8a_uniform","v2"
"bọn mình quiz anh văn vl ✨","Quiz","KiemTraThuongXuyen","2","thứ 3","m8a_uniform","v2"
"deadline ôn thi cuối kỳ Lập trình đang tới gần 🔥","Thi cuối kỳ Lập trình đang tới gần 🔥","ThiCuoiKy","4","","m8a_uniform","v2"
"pop quiz Hoa dễ yn aiểm lắm","Kiểm tra","KiemTraThuongXuyen","3","","m8a_uniform","v2"
"pop quiz Toán dễ ăn điểm lắm 🔥","Kiểm tra","KiemTraThuongXuyen","3","","m8a_uniform","v2"
"Bài tập lớn môn Kỹ thuật phần mềm khá nặng, mình đang chia nhỏ công việc để làm dần.","Bài tập","BaiTapVeNha","3","","m8a_uniform","v2"
"Môn Nguyên lý máy thi cuối kỳ khá khó, cần ôn theo từng chương.","Thi cuối kỳ khá khó, cần ôn theo từng chương","ThiCuoiKy","5","","m8a_uniform","v2"
"bài test ngắn hôm nay căng 🙃","Test","KiemTraThuongXuyen","3","mai","m8a_uniform","v2"
"Thi giữa kỳ môn Nguyên lý kế toán sắp diễn ra, mình đang ôn theo đề cương.","Thi giữa kỳ môn Nguyên lý kế toán sắp diễn r","ThiCuoiKy","4","","m8a_uniform","v2"
"team mình m test anh văn :)) 💀","Test","KiemTraThuongXuyen","3","mai","m8a_uniform","v2"
"thi cuối kỳ toán","Thi cuối kỳ","ThiCuoiKy","3","mai","m8a_uniform","v2"
"Thi cuối kỳ môn Kế toán quản trị đang đến gần, mình bắt đầu ôn từ hôm nay.","Thi cuối kỳ môn Kế toán quản trị đang đến gầ","ThiCuoiKy","4","hôm nay","m8a_uniform","v2"
"project môn Lập trình đang trễ tiến độ ak","Làm project","BaiTapVeNha","4","","m8a_uniform","v2"
"Thi giữa kỳ môn Giải tích 2 sắp diễn ra, mình đang ôn theo đề cương.","Thi giữa kỳ môn Giải tích 2 sắp diễn ra, mìn","ThiCuoiKy","3","","m8a_uniform","v2"
"Chị ơi, e nộp bài report vào 20/10 đc k ạ?","Làm report","BaiTapVeNha","3","","m8a_uniform","v2"
"chuẩn bị thi final Triết rôi lo quá 😭","Thi final Triết rôi lo quá 😭","ThiCuoiKy","5","","m8a_uniform","v2"
"15p tin học tuan sau x100 📝","Kiểm tra 15 phút","KiemTraThuongXuyen","4","chiều nay","m8a_uniform","v2"
"team mình exam mô","Thi cuối kỳ","ThiCuoiKy","4","cuối tuần","m8a_uniform","v2"
"Tuần này có bài kiểm tra môn Toán cao cấp, mình đang ôn lại nội dung chính.","Kiểm tra môn Toán cao cấp, mình đang ôn lại nội d","KiemTraThuongXuyen","3","","m8a_uniform","v2"
"Thứ 5 này nộp đồ án môn Lập trình hướng đối tượng, nhóm mình code xong phần giao diện rồi nha.","Làm project","BaiTapVeNha","4","thứ 5","m8a_uniform","v2"
"ê thi dc mang máy tính casio zo ko m","Thi dc mang máy tính casio zo ko m","ThiCuoiKy","3","","m8a_uniform","v2"
"kiểm tra nhanh cuối buổi gấp ⏰","Kiểm tra","KiemTraThuongXuyen","4","tuần sau","m8a_uniform","v2"
"thi qua môn là được","Thi","ThiCuoiKy","5","thứ 2","m8a_uniform","v2"
"Chiều mai kiểm tra Toán cao cấp, ai còn tài liệu ôn tập cho mình xin với.","Kiểm tra Toán cao cấp, ai còn tài liệu ôn tập cho","KiemTraThuongXuyen","3","mai","m8a_uniform","v2"
"final exam mạng máy tính","Thi cuối kỳ","ThiCuoiKy","5","tháng sau","m8a_uniform","v2"
"đề thi này đ dnhf cho học sinh con người má ác dã man","Thi này đ dnhf cho học sinh con người má ác ","ThiCuoiKy","3","","m8a_uniform","v2"
"pop quiz Hóa dễ ăn điểm lắm 😭","Kiểm tra","KiemTraThuongXuyen","3","","m8a_uniform","v2"
"Thứ 3 tuần sau kiểm tra 1 tiết môn Hóa phân tích, ôn kỹ phương pháp chuẩn độ.","Kiểm tra 1 tiết môn Hóa phân tích, ôn kỹ phương p","KiemTraThuongXuyen","3","thứ 3","m8a_uniform","v2"
"chuẩn bị nộp hw 2 mng nhớ ktra lại đạo văn nha","Kiểm tra lại đạo văn nha","KiemTraThuongXuyen","3","","m8a_uniform","v2"
"Đợt thi giữa kỳ môn Toán rời rạc khó hơn mình dự kiến, phải tập trung hơn.","Thi giữa kỳ môn Toán rời rạc khó hơn mình dự","ThiCuoiKy","4","","m8a_uniform","v2"
"Ai có đề cương thi cuối kỳ môn Giải phẫu học cho mình xin tham khảo.","Thi cuối kỳ môn Giải phẫu học cho mình xin t","ThiCuoiKy","3","","m8a_uniform","v2"
"final exam mạng máy tính kk 💀","Thi cuối kỳ","ThiCuoiKy","4","thứ 2","m8a_uniform","v2"
"ktra 1 tiết toán haha ⏰","Kiểm tra 1 tiết","KiemTraThuongXuyen","3","tuần sau","m8a_uniform","v2"
"report Lý làm thuyết trình ez","Làm report","BaiTapVeNha","3","","m8a_uniform","v2"
"tao quiz anh văn","Quiz","KiemTraThuongXuyen","2","tuần sau","m8a_uniform","v2"
"bai ktra hs2 mak de vkl tao 10 d r mn oi","Kiểm tra hs2 mak de vkl tao 10 d r mn oi","KiemTraThuongXuyen","3","","m8a_uniform","v2"
"pop quiz Hóa dễ ăn điểm lắm","Kiểm tra","KiemTraThuongXuyen","3","","m8a_uniform","v2"
"thi giữa kỳ triết","Thi","ThiCuoiKy","4","cuối tuần","m8a_uniform","v2"
"Thứ 3 tuần này thi giữa kỳ môn Kinh tế vi mô, ôn kỹ chương 3 và 4 nha.","Thi giữa kỳ môn Kinh tế vi mô, ôn kỹ chương ","ThiCuoiKy","3","thứ 3","m8a_uniform","v2"
"Deadline bài tập lớn môn Kinh tế lượng sắp tới, mình đang hoàn thiện phần cuối.","Bài tập","BaiTapVeNha","3","","m8a_uniform","v2"
"ai lom xong assignment Triết chưa cho t copy tẹo =))","Bài tập","BaiTapVeNha","3","","m8a_uniform","v2"
"Deadline bài tập lớn môn Giải tích sắp tới, mình đang hoàn thiện phần cuối.","Bài tập","BaiTapVeNha","3","","m8a_uniform","v2"
"Bài kiểm tra thực hành môn Tin học đại cương tuần sau, ôn Excel và Word nha các bạn.","Kiểm tra thực hành môn Tin học đại cương tuần sau","KiemTraThuongXuyen","3","tuần sau","m8a_uniform","v2"
"pop quiz Mạng máy tính dễ ăn điểm lắm","Kiểm tra","KiemTraThuongXuyen","3","","m8a_uniform","v2"
"Tuần này có bài kiểm tra môn Hóa đại cương, mình đang ôn lại nội dung chính.","Kiểm tra môn Hóa đại cương, mình đang ôn lại nội ","KiemTraThuongXuyen","3","","m8a_uniform","v2"
"project môn Triết đang trễ tiến độ","Làm project","BaiTapVeNha","4","","m8a_uniform","v2"
"Mình phải nộp bài tập lớn Lý thuyết thông tin trong tuần này, ai rảnh review giúp mình không?","Bài tập","BaiTapVeNha","3","","m8a_uniform","v2"
"Mình cần chuẩn bị cho bài kiểm tra Kinh tế vĩ mô, độ khó khá cao.","Kiểm tra Kinh tế vĩ mô, độ khó khá cao","KiemTraThuongXuyen","3","","m8a_uniform","v2"
"chuẩn bị thi final Cd sở dữ liệu roi lo qua","Thi final Cd sở dữ liệu roi lo qua","ThiCuoiKy","5","","m8a_uniform","v2"
"project môn Hóa đang trễ tiến độ 🔥","Làm project","BaiTapVeNha","4","","m8a_uniform","v2"
"th 3 ktra 15p sử chill ✨","Kiểm tra 15 phút","KiemTraThuongXuyen","3","hôm nay","m8a_uniform","v2"
"ae luu ý nay cô gác thi siêu siêu khó lmj nhớ cẩn thận","Thi siêu siêu khó lmj nhớ cẩn thận","ThiCuoiKy","5","nay","m8a_uniform","v2"
"project môn Triết đang trễ tiến độ hz","Làm project","BaiTapVeNha","4","","m8a_uniform","v2"
"dm thi vấn đáp t run như cầy sấy 🥶","Thi vấn đáp t run như cầy sấy 🥶","ThiCuoiKy","3","","m8a_uniform","v2"
"deadline ôn thi cuối kỳ Mạng máy tính đang tới gần 😭","Thi cuối kỳ Mạng máy tính đang tới gần 😭","ThiCuoiKy","4","","m8a_uniform","v2"
"Bài tập thực hành môn Kiến trúc máy tính làm mạch tổ hợp nộp thứ 5 tuần này.","Bài tập","BaiTapVeNha","3","thứ 5","m8a_uniform","v2"
"toang r mai ktra r m tao di uong tsua d quan tam nx","Kiểm tra r m tao di uong tsua d quan tam nx","KiemTraThuongXuyen","3","mai","m8a_uniform","v2"
"tình hình tiến độ cái đồ án tới đâu r ae","Làm project","BaiTapVeNha","4","","m8a_uniform","v2"
"exam giữa kỳ triết :)) 🔥","Thi","ThiCuoiKy","5","cuối tuần","m8a_uniform","v2"
"Kiểm tra thường xuyên môn Sinh học đại cương thứ 4 này, ôn chương tế bào và di truyền.","Kiểm tra thường xuyên môn Sinh học đại cương thứ ","KiemTraThuongXuyen","3","thứ 4","m8a_uniform","v2"
"project môn Mạng máy tính đang trễ tiến độ 👍","Làm project","BaiTapVeNha","4","","m8a_uniform","v2"
"bài tập Mạng máy tính về nhà tuần này dài ngoằng vkl","Bài tập","BaiTapVeNha","4","","m8a_uniform","v2"
"team mình m test anh văn 🫠 🙃","Test","KiemTraThuongXuyen","4","chiều nay","m8a_uniform","v2"
"ktra nhanh cuối buổi","Kiểm tra","KiemTraThuongXuyen","3","tuần sau","m8a_uniform","v2"
"pop quiz Cơ sở dữ liệu dễ ăn điểm lắm 👍","Kiểm tra","KiemTraThuongXuyen","3","","m8a_uniform","v2"
"Mình cần chuẩn bị cho bài kiểm tra Hóa đại cương, độ khó khá cao.","Kiểm tra Hóa đại cương, độ khó khá cao","KiemTraThuongXuyen","3","","m8a_uniform","v2"
"Thứ 6 tuần sau kiểm tra 1 tiết Hóa nha, khá dễ.","Kiểm tra 1 tiết Hóa nha, khá dễ","KiemTraThuongXuyen","3","thứ 6","m8a_uniform","v2"
"Bài tập về nhà môn Lập trình Java cần hoàn thành sớm để kịp hạn nộp.","Bài tập","BaiTapVeNha","3","","m8a_uniform","v2"
"bài tập Cơ sở dữ liệu về nhà tuần này dài ngoằng","Bài tập","BaiTapVeNha","4","","m8a_uniform","v2"
"ai làm xong assignment Cơ sở dữ liệu chưa cho t copy tẹo =)) 😂","Bài tập","BaiTapVeNha","3","","m8a_uniform","v2"
"deadline on thi cuối kỳ Mạng may tinh aang tới gần","Thi cuối kỳ Mạng may tinh aang tới gần","ThiCuoiKy","4","","m8a_uniform","v2"
"thi qua môn là được x100 📝","Thi","ThiCuoiKy","5","thứ 2","m8a_uniform","v2"
"t ktra miệng hóa","Kiểm tra","KiemTraThuongXuyen","3","chiều nay","m8a_uniform","v2"
"mai đi thi nhớ đem thẻ sv nha m","Thi nhớ đem thẻ sv nha m","ThiCuoiKy","3","mai","m8a_uniform","v2"
"em thi c cuối tuần kk 🧠","Thi","ThiCuoiKy","4","hôm nay","m8a_uniform","v2"
"nhắc mng d quên nộp 200k lệ phí thi t anh trc ngày 15/4 nghen","Thi t anh trc ngày 15/4 nghen","ThiCuoiKy","3","","m8a_uniform","v2"
"ktra 1 tiết toán","Kiểm tra 1 tiết","KiemTraThuongXuyen","3","hôm nay","m8a_uniform","v2"
"Deadline đồ án Công nghệ phần mềm đã gần, mình cần hoàn thiện phần demo.","Làm project","BaiTapVeNha","4","","m8a_uniform","v2"
"ai làm xong assignment Cơ sở dữ liệu chưa cho t copy tẹo =)) vkl","Bài tập","BaiTapVeNha","3","","m8a_uniform","v2"
"Em chưa làm bài homework, ai gửi file cho em với, deadline là tối nay 23h59","Bài tập","BaiTapVeNha","3","tối nay","m8a_uniform","v2"
"lịch thi ra rồi","Thi","ThiCuoiKy","3","tháng sau","m8a_uniform","v2"
"Deadline bài tập lớn môn Lý thuyết thông tin sắp tới, mình đang hoàn thiện phần cuối.","Bài tập","BaiTapVeNha","3","","m8a_uniform","v2"
"Bài tập nhóm Nghiên cứu thị trường đang thiếu một vài phần, cần họp nhóm gấp.","Bài tập","BaiTapVeNha","5","","m8a_uniform","v2"
"Đồ án môn Điều khiển tự động yêu cầu cả báo cáo và source, mình đang soạn lại tài liệu.","Làm project","BaiTapVeNha","4","","m8a_uniform","v2"
"Em chưa làm xong bài tập, deadline là mai 😅","Bài tập","BaiTapVeNha","3","mai","m8a_uniform","v2"
"15p tin học tuần sau","Kiểm tra 15 phút","KiemTraThuongXuyen","3","tuần sau","m8a_uniform","v2"
"chuẩn bị thi final Toán rôi lo quá","Thi final Toán rôi lo quá","ThiCuoiKy","4","","m8a_uniform","v2"
"Tuần này có bài kiểm tra môn Triết học, mình đang ôn lại nội dung chính.","Kiểm tra môn Triết học, mình đang ôn lại nội dung","KiemTraThuongXuyen","3","","m8a_uniform","v2"
"Mình cần ôn gấp cho bài thi giữa kỳ Sinh thái học môi trường, nội dung khá nhiều.","Thi giữa kỳ Sinh thái học môi trường, nội du","ThiCuoiKy","5","","m8a_uniform","v2"
"pop quiz Mạng may tinh dễ yn aiểm lắm","Kiểm tra","KiemTraThuongXuyen","3","","m8a_uniform","v2"
"ai làm xong assignment Kỹ năng mềm chưa cho t copy tẹo =)) hz","Bài tập","BaiTapVeNha","3","","m8a_uniform","v2"
"report Mạng máy tính làm thuyết trình ez","Làm report","BaiTapVeNha","3","","m8a_uniform","v2"
"t thi c cuối tuần 🥲 ⏰","Thi","ThiCuoiKy","3","tháng sau","m8a_uniform","v2"
"project môn Mạng máy tính đang trễ tiến độ ak","Làm project","BaiTapVeNha","4","","m8a_uniform","v2"
"Thi giữa kỳ môn Tiếng Anh 3 sắp diễn ra, mình đang ôn theo đề cương.","Thi giữa kỳ môn Tiếng Anh 3 sắp diễn ra, mìn","ThiCuoiKy","3","","m8a_uniform","v2"
"Mình phải nộp bài tập lớn Mạng máy tính trong tuần này, ai rảnh review giúp mình không?","Bài tập","BaiTapVeNha","3","","m8a_uniform","v2"
"team mình thi qua môn là được x100 ✨","Thi","ThiCuoiKy","4","hôm nay","m8a_uniform","v2"
"ê m lm bài tập đại số chưa cho t chép dzoi","Bài tập","BaiTapVeNha","3","","m8a_uniform","v2"
"huhu điểm test 1 thấp quá mk phải cố kéo lại","Kiểm tra","KiemTraThuongXuyen","3","","m8a_uniform","v2"
"bai assignment này ko nộp kịp chac ddc đi chăn bò","Bài tập","BaiTapVeNha","3","","m8a_uniform","v2"
"deadline on thi cuối kỳ Hoa aang tới gần","Thi cuối kỳ Hoa aang tới gần","ThiCuoiKy","4","","m8a_uniform","v2"
"ai làm xong assignment Mạng máy tính chưa cho t copy tẹo =)) 😂","Bài tập","BaiTapVeNha","3","","m8a_uniform","v2"
"ktra 1 tiết toán chill ✨","Kiểm tra 1 tiết","KiemTraThuongXuyen","3","mai","m8a_uniform","v2"
"thi cuối kỳ toán chill 🧠","Thi cuối kỳ","ThiCuoiKy","4","tháng sau","m8a_uniform","v2"
"chiu nay test vl tao sợ rớt môn","Kiểm tra","KiemTraThuongXuyen","5","nay","m8a_uniform","v2"
"Thầy nhắc nộp báo cáo Hóa sinh, mình cần kiểm tra lại format trước khi gửi.","Kiểm tra lại format trước khi gửi","KiemTraThuongXuyen","3","","m8a_uniform","v2"
"em exam mô căng 🔥","Thi cuối kỳ","ThiCuoiKy","3","mai","m8a_uniform","v2"
"Thi cuối kỳ môn Kỹ thuật số đang đến gần, mình bắt đầu ôn từ hôm nay.","Thi cuối kỳ môn Kỹ thuật số đang đến gần, mì","ThiCuoiKy","3","hôm nay","m8a_uniform","v2"
"Chị ơi, em chưa làm xong bài assignment tuần này, deadline là 10h tối mai, mà em đang bị đau đầu 😅, giúp em với","Bài tập","BaiTapVeNha","3","mai","m8a_uniform","v2"
"lsmf baif test chuwa day bro","Kiểm tra","KiemTraThuongXuyen","3","","m8a_uniform","v2"
"Bài tập môn Lập trình SQL có vài câu khó, mình đang đối chiếu tài liệu.","Bài tập","BaiTapVeNha","5","","m8a_uniform","v2"
"thứ 7 ở nhà ôn thi nha m ko đi chơi đâu","Thi nha m ko đi chơi đâu","ThiCuoiKy","3","thứ 7","m8a_uniform","v2"
"Mình cần ôn gấp cho bài thi giữa kỳ Toán cao cấp A3, nội dung khá nhiều.","Thi giữa kỳ Toán cao cấp A3, nội dung khá nh","ThiCuoiKy","4","","m8a_uniform","v2"
"project mon Lập trenh aang trễ tiến aộ","Làm project","BaiTapVeNha","4","","m8a_uniform","v2"
"Kiểm tra giữa kỳ môn Hệ điều hành vào tuần 8, ôn phần quản lý tiến trình và bộ nhớ.","Kiểm tra giữa kỳ môn Hệ điều hành vào tuần 8, ôn ","KiemTraThuongXuyen","3","","m8a_uniform","v2"
"pop quiz môn sinh chiều nay vcl ⏰","Quiz","KiemTraThuongXuyen","3","hôm nay","m8a_uniform","v2"
"project mon Mạng may tinh aang trễ tiến aộ","Làm project","BaiTapVeNha","4","","m8a_uniform","v2"
"kiểm tra miệng hóa","Kiểm tra","KiemTraThuongXuyen","3","hôm nay","m8a_uniform","v2"
"thay cho quiz tren lms a mn vào lm lẹ 5p nữa đóng","Kiểm tra","KiemTraThuongXuyen","3","","m8a_uniform","v2"
"Cô thông báo kiểm tra 1 tiết môn Kỹ năng thuyết trình tuần 7, mỗi bạn nói 3 phút về chủ đề tự chọn.","Kiểm tra 1 tiết môn Kỹ năng thuyết trình tuần 7, ","KiemTraThuongXuyen","3","","m8a_uniform","v2"
"project môn Lập trình đang trễ tiến độ 👍","Làm project","BaiTapVeNha","4","","m8a_uniform","v2"
"pop quiz Kỹ năng mềm dễ ăn điểm lắm 😭","Kiểm tra","KiemTraThuongXuyen","3","","m8a_uniform","v2"
"thứ 3 ktra 15p sử lụi 📝","Kiểm tra 15 phút","KiemTraThuongXuyen","4","hôm nay","m8a_uniform","v2"
"Mình phải nộp bài tập lớn Triết học Mác - Lênin trong tuần này, ai rảnh review giúp mình không?","Bài tập","BaiTapVeNha","3","","m8a_uniform","v2"
"chị ơi e nộp report 20/10 đc k?","Làm report","BaiTapVeNha","3","","m8a_uniform","v2"
"Chị ơi, em chưa làm xong bài assignment tuần này, deadline là 10h tối nay 😅","Bài tập","BaiTapVeNha","3","tối nay","m8a_uniform","v2"
"Môn Máy điện thi cuối kỳ khá khó, cần ôn theo từng chương.","Thi cuối kỳ khá khó, cần ôn theo từng chương","ThiCuoiKy","5","","m8a_uniform","v2"
"assignment Triết về nhà tuần này dài ngoằng","Bài tập","BaiTapVeNha","4","","m8a_uniform","v2"
"chuẩn bị thi final Mạng may tinh roi lo qua","Thi final Mạng may tinh roi lo qua","ThiCuoiKy","4","","m8a_uniform","v2"
"Thứ 2 tuần sau kiểm tra 15 phút môn Anh văn chuyên ngành, ôn Unit 3 với 4 nha.","Kiểm tra 15 phút môn Anh văn chuyên ngành, ôn Uni","KiemTraThuongXuyen","3","thứ 2","m8a_uniform","v2"
"m exam c cuối tuần :)) 📚","Thi","ThiCuoiKy","5","hôm nay","m8a_uniform","v2"
"mai test anh văn chill 🙃","Test","KiemTraThuongXuyen","3","hôm nay","m8a_uniform","v2"
"Tuần này có bài kiểm tra môn Tiếng Anh, mình đang ôn lại nội dung chính.","Kiểm tra môn Tiếng Anh, mình đang ôn lại nội dung","KiemTraThuongXuyen","3","","m8a_uniform","v2"
"Kiểm tra 1 tiết môn Vật lý 2 thứ 4 tuần sau, ôn kỹ phần điện từ trường nha.","Kiểm tra 1 tiết môn Vật lý 2 thứ 4 tuần sau, ôn k","KiemTraThuongXuyen","3","thứ 4","m8a_uniform","v2"
"project môn Toán đang trễ tiến độ","Làm project","BaiTapVeNha","4","","m8a_uniform","v2"
"project môn Cơ sở dữ liệu đang trễ tiến độ hz","Làm project","BaiTapVeNha","4","","m8a_uniform","v2"
"ai lom xong assignment Hoa chưa cho t copy tẹo =))","Bài tập","BaiTapVeNha","3","","m8a_uniform","v2"
"project môn Lý đang trễ tiến độ","Làm project","BaiTapVeNha","4","","m8a_uniform","v2"
"thi qua môn là vui r k cần điểm cao","Thi qua môn là vui r k cần điểm cao","ThiCuoiKy","3","","m8a_uniform","v2"
"Mình cần chuẩn bị cho bài kiểm tra Lý, độ khó khá cao.","Kiểm tra Lý, độ khó khá cao","KiemTraThuongXuyen","3","","m8a_uniform","v2"
"Thi cuối kỳ môn Triết học ngày 15 tháng 12, phần thi tự luận khó lắm.","Thi tự luận khó lắm","ThiCuoiKy","5","","m8a_uniform","v2"
"pop quiz Cơ sở dữ liệu dễ ăn điểm lắm","Kiểm tra","KiemTraThuongXuyen","3","","m8a_uniform","v2"
"Bài tập lớn môn Kinh tế lượng khá nặng, mình đang chia nhỏ công việc để làm dần.","Bài tập","BaiTapVeNha","3","","m8a_uniform","v2"
"team mình thi cuối kỳ toán x100 🧠","Thi cuối kỳ","ThiCuoiKy","4","cuối tuần","m8a_uniform","v2"
"Deadline đồ án Điều khiển tự động đã gần, mình cần hoàn thiện phần demo.","Làm project","BaiTapVeNha","4","","m8a_uniform","v2"
"deadline đồ án sắp tới mà nhóm chưa họp lần nào, stress vcl","Làm project","BaiTapVeNha","4","","m8a_uniform","v2"
"tao 15p tin học tuan sau lụi 💀","Kiểm tra 15 phút","KiemTraThuongXuyen","2","chiều nay","m8a_uniform","v2"
"assignment Kỹ năng mềm về nhà tuần này dài ngoằng","Bài tập","BaiTapVeNha","4","","m8a_uniform","v2"
"anh mai test anh văn căng ⏰","Test","KiemTraThuongXuyen","4","thứ 3","m8a_uniform","v2"
"ôn thi ccc mai ra cf chơi r tối về cày đêm lun m","Thi ccc mai ra cf chơi r tối về cày đêm lun ","ThiCuoiKy","3","mai","m8a_uniform","v2"
"Môn Lập trình C thi cuối kỳ khá khó, cần ôn theo từng chương.","Thi cuối kỳ khá khó, cần ôn theo từng chương","ThiCuoiKy","5","","m8a_uniform","v2"
"Chiều mai kiểm tra Pháp luật đại cương, ai còn tài liệu ôn tập cho mình xin với.","Kiểm tra Pháp luật đại cương, ai còn tài liệu ôn ","KiemTraThuongXuyen","3","mai","m8a_uniform","v2"
"final exam mạng máy tính kk 📚","Thi cuối kỳ","ThiCuoiKy","4","hôm nay","m8a_uniform","v2"
"pop quiz Toán dễ ăn điểm lắm","Kiểm tra","KiemTraThuongXuyen","3","","m8a_uniform","v2"
"Thi cuối kỳ môn Máy điện đang đến gần, mình bắt đầu ôn từ hôm nay.","Thi cuối kỳ môn Máy điện đang đến gần, mình ","ThiCuoiKy","3","hôm nay","m8a_uniform","v2"
"Deadline bài tập lớn môn Mạng máy tính sắp tới, mình đang hoàn thiện phần cuối.","Bài tập","BaiTapVeNha","3","","m8a_uniform","v2"
"thi gk mon gi do thang 11 mà mk quên mất tiêu, ai nhớ không","Thi gk mon gi do thang 11 mà mk quên mất tiê","ThiCuoiKy","3","","m8a_uniform","v2"
"team mình thứ 3 ktra 15p sử căng 📚","Kiểm tra 15 phút","KiemTraThuongXuyen","3","thứ 3","m8a_uniform","v2"
"Em chưa hiểu bài quiz tuần này, có ai giải thích giúp em không?","Kiểm tra","KiemTraThuongXuyen","3","","m8a_uniform","v2"
"Bài tập lớn môn Tâm lý học khá nặng, mình đang chia nhỏ công việc để làm dần.","Bài tập","BaiTapVeNha","3","","m8a_uniform","v2"
"ai làm xong assignment Toán chưa cho t copy tẹo =)) zz","Bài tập","BaiTapVeNha","3","","m8a_uniform","v2"
"report Kỹ năng mềm làm thuyết trình ez","Làm report","BaiTapVeNha","3","","m8a_uniform","v2"
"deadline ôn thi cuối kỳ Mạng máy tính đang tới gần","Thi cuối kỳ Mạng máy tính đang tới gần","ThiCuoiKy","4","","m8a_uniform","v2"
"Thứ 6 tuần sau kiểm tra 1 tiết Lý nha, khá khó.","Kiểm tra 1 tiết Lý nha, khá khó","KiemTraThuongXuyen","3","thứ 6","m8a_uniform","v2"
"có pro code frontend nào giúp t pass bài này khum 😭","Bài tập","BaiTapVeNha","3","","m8a_uniform","v2"
"Mình cần chuẩn bị cho bài kiểm tra Pháp luật đại cương, độ khó khá cao.","Kiểm tra Pháp luật đại cương, độ khó khá cao","KiemTraThuongXuyen","3","","m8a_uniform","v2"
"Thi cuối kỳ môn Sinh lý học đang đến gần, mình bắt đầu ôn từ hôm nay.","Thi cuối kỳ môn Sinh lý học đang đến gần, mì","ThiCuoiKy","3","hôm nay","m8a_uniform","v2"
"kiểm tra miệng hóa kk 🙃","Kiểm tra","KiemTraThuongXuyen","4","tuần sau","m8a_uniform","v2"
"Bài tập nhóm môn Kỹ năng mềm hạn nộp thứ 6, nhóm mình làm slide đi nha.","Thuyết trình","BaiTapVeNha","3","thứ 6","m8a_uniform","v2"
"tuan sau thi cuoi ky roi dcm","Thi cuoi ky roi dcm","ThiCuoiKy","3","tuan sau","m8a_uniform","v2"
"Bài tập phần Tích phân môn Toán cao cấp B2 hạn nộp thứ 3, làm từ bài 1 đến bài 10.","Bài tập","BaiTapVeNha","3","thứ 3","m8a_uniform","v2"
"Đồ án môn Thiết kế web yêu cầu cả báo cáo và source, mình đang soạn lại tài liệu.","Làm project","BaiTapVeNha","4","","m8a_uniform","v2"
"Nhóm mình cần nộp bài tập môn Quản trị học trong tuần này.","Bài tập","BaiTapVeNha","3","","m8a_uniform","v2"
"pop quiz Triết dễ ăn điểm lắm","Kiểm tra","KiemTraThuongXuyen","3","","m8a_uniform","v2"
"bai nay ra trong quiz hqua roi tuc ghe t ko hoc","Kiểm tra","KiemTraThuongXuyen","3","nay","m8a_uniform","v2"
"project mon Cd sở dữ liệu aang trễ tiến aộ","Làm project","BaiTapVeNha","4","","m8a_uniform","v2"
"Thi giữa kỳ môn Tài chính doanh nghiệp sắp diễn ra, mình đang ôn theo đề cương.","Thi giữa kỳ môn Tài chính doanh nghiệp sắp d","ThiCuoiKy","3","","m8a_uniform","v2"
"thi c cuối tuần gấp 📚","Thi","ThiCuoiKy","3","cuối tuần","m8a_uniform","v2"
"m thi hóa","Thi","ThiCuoiKy","4","mai","m8a_uniform","v2"
"Chị ơi, em chưa làm xong bài assignment tuần này, deadline là 10h tối mai 😅","Bài tập","BaiTapVeNha","3","mai","m8a_uniform","v2"
"nay t dọn đồ về quê nha ae thi xong r xả stress thoyy","Thi xong r xả stress thoyy","ThiCuoiKy","3","nay","m8a_uniform","v2"
"Chiều mai kiểm tra Tiếng Anh, ai còn tài liệu ôn tập cho mình xin với.","Kiểm tra Tiếng Anh, ai còn tài liệu ôn tập cho mì","KiemTraThuongXuyen","3","mai","m8a_uniform","v2"
"deadline on thi cuối kỳ Lập trenh aang tới gần","Thi cuối kỳ Lập trenh aang tới gần","ThiCuoiKy","4","","m8a_uniform","v2"
"bài tập Lập trình về nhà tuần này dài ngoằng 🔥","Bài tập","BaiTapVeNha","4","","m8a_uniform","v2"
"Chiều mai kiểm tra Triết học, ai còn tài liệu ôn tập cho mình xin với.","Kiểm tra Triết học, ai còn tài liệu ôn tập cho mì","KiemTraThuongXuyen","3","mai","m8a_uniform","v2"
"Đồ án môn Xử lý ảnh số yêu cầu cả báo cáo và source, mình đang soạn lại tài liệu.","Làm project","BaiTapVeNha","4","","m8a_uniform","v2"
"Chị ơi, em chưa làm xong bài assignment tuần này, deadline là 10h tối nay, mà em đang bị đau đầu 😅, giúp em với","Bài tập","BaiTapVeNha","3","tối nay","m8a_uniform","v2"
"Thi giữa kỳ môn Lý thuyết đồ thị vào cuối tuần 9, trọng tâm phần BFS và DFS.","Thi giữa kỳ môn Lý thuyết đồ thị vào cuối tu","ThiCuoiKy","3","cuối tuần","m8a_uniform","v2"
"Thứ 4 này cô gọi lên bảng kiểm tra bài môn Đại số tuyến tính, ôn phần không gian vectơ.","Kiểm tra bài môn Đại số tuyến tính, ôn phần không","KiemTraThuongXuyen","3","thứ 4","m8a_uniform","v2"
"em exam mô 😭 😵‍💫","Thi cuối kỳ","ThiCuoiKy","3","tháng sau","m8a_uniform","v2"
"deadline ôn thi cuối kỳ Cơ sở dữ liệu đang tới gần","Thi cuối kỳ Cơ sở dữ liệu đang tới gần","ThiCuoiKy","4","","m8a_uniform","v2"
"test online hay offline vay m","Kiểm tra","KiemTraThuongXuyen","3","","m8a_uniform","v2"
"pop quiz Lý dễ ăn điểm lắm","Kiểm tra","KiemTraThuongXuyen","3","","m8a_uniform","v2"
"Deadline bài tập lớn môn Văn hóa doanh nghiệp sắp tới, mình đang hoàn thiện phần cuối.","Bài tập","BaiTapVeNha","3","","m8a_uniform","v2"
"project môn Triết đang trễ tiến độ 😭","Làm project","BaiTapVeNha","4","","m8a_uniform","v2"
"Đồ án môn Hệ thống thông tin quản lý yêu cầu cả báo cáo và source, mình đang soạn lại tài liệu.","Làm project","BaiTapVeNha","4","","m8a_uniform","v2"
"Chị ơi, em nộp bài report vào 20/10 được không ạ, em đang cần gấp","Làm report","BaiTapVeNha","3","","m8a_uniform","v2"
"team mình chuẩn bị final vcl ✨","Thi cuối kỳ","ThiCuoiKy","5","thứ 2","m8a_uniform","v2"
"bài tập Lý về nhà tuần này dài ngoằng hz","Bài tập","BaiTapVeNha","4","","m8a_uniform","v2"
"m quiz anh văn kk 📝","Quiz","KiemTraThuongXuyen","3","mai","m8a_uniform","v2"
"thứ mấy thi lai mon ly vay, mk rớt môn này rồi","Thi lai mon ly vay, mk rớt môn này rồi","ThiCuoiKy","5","","m8a_uniform","v2"
"lịch thi final của tao là nguyên tuần sau full đét","Thi final của tao là nguyên tuần sau full đé","ThiCuoiKy","3","tuần sau","m8a_uniform","v2"
"tí tao bùng tiết nha ktra m nhắc t","Kiểm tra m nhắc t","KiemTraThuongXuyen","3","","m8a_uniform","v2"
"chuẩn bị thi final Lu roi lo qua","Thi final Lu roi lo qua","ThiCuoiKy","5","","m8a_uniform","v2"
"Chiều mai kiểm tra Hóa đại cương, ai còn tài liệu ôn tập cho mình xin với.","Kiểm tra Hóa đại cương, ai còn tài liệu ôn tập ch","KiemTraThuongXuyen","3","mai","m8a_uniform","v2"
"ktra nhanh cuối buổi lụi 📚","Kiểm tra","KiemTraThuongXuyen","2","mai","m8a_uniform","v2"
"deadline on thi cuối kỳ Kỹ nyng mềm aang tới gần","Thi cuối kỳ Kỹ nyng mềm aang tới gần","ThiCuoiKy","4","","m8a_uniform","v2"
"tao final exam mạng máy tính chill ✨","Thi cuối kỳ","ThiCuoiKy","4","tháng sau","m8a_uniform","v2"
"ko biết bao h mới giàu k p cắm mặt làm mấy cái test khỉ hó này nx","Kiểm tra","KiemTraThuongXuyen","3","","m8a_uniform","v2"
"Chiều mai kiểm tra An toàn thông tin, ai còn tài liệu ôn tập cho mình xin với.","Kiểm tra An toàn thông tin, ai còn tài liệu ôn tậ","KiemTraThuongXuyen","3","mai","m8a_uniform","v2"
"Thi cuối kỳ môn Nguyên lý máy đang đến gần, mình bắt đầu ôn từ hôm nay.","Thi cuối kỳ môn Nguyên lý máy đang đến gần, ","ThiCuoiKy","3","hôm nay","m8a_uniform","v2"
"lịch thi final của khoa m ra chưa","Thi final của khoa m ra chưa","ThiCuoiKy","3","","m8a_uniform","v2"
"tao mớ dc cho pass đề thi m lấy ko 🤫","Thi m lấy ko 🤫","ThiCuoiKy","3","","m8a_uniform","v2"
"Bài project lớn này khó quá, ai giúp mình với, nộp vào thứ 6 tuần sau","Làm project","BaiTapVeNha","4","thứ 6","m8a_uniform","v2"
"Nhóm mình cần nộp bài tập môn Luật kinh tế trong tuần này.","Bài tập","BaiTapVeNha","3","","m8a_uniform","v2"
"Bài tập về nhà môn Lập trình Prolog cần hoàn thành sớm để kịp hạn nộp.","Bài tập","BaiTapVeNha","3","","m8a_uniform","v2"
"Thầy nhắc nộp báo cáo Cơ học kỹ thuật, mình cần kiểm tra lại format trước khi gửi.","Kiểm tra lại format trước khi gửi","KiemTraThuongXuyen","3","","m8a_uniform","v2"
"Ai có đề cương thi cuối kỳ môn Kế toán quản trị cho mình xin tham khảo.","Thi cuối kỳ môn Kế toán quản trị cho mình xi","ThiCuoiKy","4","","m8a_uniform","v2"
"deadline ôn thi cuối kỳ Cơ sở dữ liệu đang tới gần 😭","Thi cuối kỳ Cơ sở dữ liệu đang tới gần 😭","ThiCuoiKy","4","","m8a_uniform","v2"
"Bài project lớn này khó quá, ai giúp mình với, nộp vào thứ 6 tuần sau, mình đang bận quá","Làm project","BaiTapVeNha","4","thứ 6","m8a_uniform","v2"
"project team mình hqua review bị thầy chê quá tr 🥲","Làm project","BaiTapVeNha","4","","m8a_uniform","v2"
"Thầy cô nhắc nộp bài tập nhóm Marketing, mình đang tổng hợp nội dung.","Bài tập","BaiTapVeNha","3","","m8a_uniform","v2"
"Mình cần chuẩn bị cho bài kiểm tra Triết học, độ khó khá cao.","Kiểm tra Triết học, độ khó khá cao","KiemTraThuongXuyen","3","","m8a_uniform","v2"
"Thứ 6 tuần sau kiểm tra 1 tiết Sinh nha, khá khó.","Kiểm tra 1 tiết Sinh nha, khá khó","KiemTraThuongXuyen","3","thứ 6","m8a_uniform","v2"
"em ktra 1 tiết toán","Kiểm tra 1 tiết","KiemTraThuongXuyen","3","tuần sau","m8a_uniform","v2"
"Bài tập nhóm môn Tâm lý học hạn thứ 4, nhóm mình còn thiếu phần dẫn chứng thực tế.","Bài tập","BaiTapVeNha","3","thứ 4","m8a_uniform","v2"
"Bài tập nhóm môn Kinh tế lượng nộp thứ 6, chạy hồi quy OLS bằng STATA hoặc R.","Bài tập","BaiTapVeNha","3","thứ 6","m8a_uniform","v2"
"report Toán làm thuyết trình ez","Làm report","BaiTapVeNha","3","","m8a_uniform","v2"
"E k hiểu bài quiz tuần này, có ai giải thích giúp e không?","Kiểm tra","KiemTraThuongXuyen","3","","m8a_uniform","v2"
"project mon Hoa aang trễ tiến aộ","Làm project","BaiTapVeNha","4","","m8a_uniform","v2"
"bài tập Triết về nhà tuần này dài ngoằng 😂","Bài tập","BaiTapVeNha","4","","m8a_uniform","v2"
"thi c cuối tuần 🫠 ⏰","Thi","ThiCuoiKy","5","thứ 2","m8a_uniform","v2"
"quiz anh văn lụm 📚","Quiz","KiemTraThuongXuyen","4","hôm nay","m8a_uniform","v2"
"Mình chưa xong bài tập Hệ thống nhúng, tối nay phải làm dứt điểm.","Bài tập","BaiTapVeNha","3","tối nay","m8a_uniform","v2"
"mai test anh văn lụm 🤯","Test","KiemTraThuongXuyen","3","chiều nay","m8a_uniform","v2"
"Mình phải nộp bài tập lớn Tâm lý học trong tuần này, ai rảnh review giúp mình không?","Bài tập","BaiTapVeNha","3","","m8a_uniform","v2"
"thi cuoi ky mon nao do thang nay khó lắm nghe mn","Thi cuoi ky mon nao do thang nay khó lắm ngh","ThiCuoiKy","5","nay","m8a_uniform","v2"
"mk d lm kịp bài ktra m ơi h cô d cho nộp gòi s jo","Kiểm tra m ơi h cô d cho nộp gòi s jo","KiemTraThuongXuyen","3","","m8a_uniform","v2"
"pop quiz Triết dễ ăn điểm lắm zz","Kiểm tra","KiemTraThuongXuyen","3","","m8a_uniform","v2"
"thấy bảo tuần sau thầy ktra vở đấy","Kiểm tra vở đấy","KiemTraThuongXuyen","3","tuần sau","m8a_uniform","v2"
"Bài tập môn Hệ thống nhúng có vài câu khó, mình đang đối chiếu tài liệu.","Bài tập","BaiTapVeNha","5","","m8a_uniform","v2"
"toang r mai ktra 1 tiet hóa tao chua hoc j","Kiểm tra 1 tiet hóa tao chua hoc j","KiemTraThuongXuyen","3","mai","m8a_uniform","v2"
"ktra 1 tiết sinh học phần di truyền nha","Kiểm tra 1 tiết sinh học phần di truyền nha","KiemTraThuongXuyen","3","","m8a_uniform","v2"
"report Cơ sở dữ liệu làm thuyết trình ez","Làm report","BaiTapVeNha","3","","m8a_uniform","v2"
"tao pop quiz môn sinh chiều nay 🫠 😵‍💫","Quiz","KiemTraThuongXuyen","2","chiều nay","m8a_uniform","v2"
"pop quiz Lý dễ ăn điểm lắm zz","Kiểm tra","KiemTraThuongXuyen","3","","m8a_uniform","v2"
"ô n thi đợt này vc 😵‍💫","Thi","ThiCuoiKy","4","cuối tuần","m8a_uniform","v2"
"final exam mạng máy tính vl 📝","Thi cuối kỳ","ThiCuoiKy","3","thứ 2","m8a_uniform","v2"
"em đợt này test nhỏ c++ vc 📚","Test","KiemTraThuongXuyen","3","mai","m8a_uniform","v2"
"Mình cần chuẩn bị cho bài kiểm tra Kỹ thuật nhiệt, độ khó khá cao.","Kiểm tra Kỹ thuật nhiệt, độ khó khá cao","KiemTraThuongXuyen","3","","m8a_uniform","v2"
"Thầy dặn làm bài tập chương 5 môn Xác suất thống kê, nộp thứ 4 tuần sau.","Bài tập","BaiTapVeNha","3","thứ 4","m8a_uniform","v2"
"tao th 3 ktra 15p sử","Kiểm tra 15 phút","KiemTraThuongXuyen","3","hôm nay","m8a_uniform","v2"
"Đồ án môn Phát triển ứng dụng web còn nhiều việc chưa xong, nhóm mình đang chạy deadline.","Làm project","BaiTapVeNha","4","","m8a_uniform","v2"
"cô nói mai test 15p nhg hnay cô ốm z mai nghỉ hay vẫn test onl","Kiểm tra","KiemTraThuongXuyen","3","mai","m8a_uniform","v2"
"tao final exam mạng máy tính gấp 🔥","Thi cuối kỳ","ThiCuoiKy","3","tháng sau","m8a_uniform","v2"
"Đồ án cuối kỳ môn An toàn thông tin bảo vệ tuần 16, nhóm mình làm chủ đề mã hóa AES.","Làm project","BaiTapVeNha","4","","m8a_uniform","v2"
"anh thi cuối kỳ toán","Thi cuối kỳ","ThiCuoiKy","4","tháng sau","m8a_uniform","v2"
"Thầy cô nhắc nộp bài tập nhóm Kế toán tài chính, mình đang tổng hợp nội dung.","Bài tập","BaiTapVeNha","3","","m8a_uniform","v2"
"quiz anh văn căng ✨","Quiz","KiemTraThuongXuyen","4","thứ 3","m8a_uniform","v2"
"Bài tập lớn môn Truyền thông đa phương tiện khá nặng, mình đang chia nhỏ công việc để làm dần.","Bài tập","BaiTapVeNha","3","","m8a_uniform","v2"
"Thầy nhắc nộp báo cáo Vi xử lý, mình cần kiểm tra lại format trước khi gửi.","Kiểm tra lại format trước khi gửi","KiemTraThuongXuyen","3","","m8a_uniform","v2"
"nay cô cho test thu mà tao dc co 2d vcl","Kiểm tra","KiemTraThuongXuyen","3","nay","m8a_uniform","v2"
"bài tập Toán về nhà tuần này dài ngoằng 👍","Bài tập","BaiTapVeNha","4","","m8a_uniform","v2"
"assignment Lý về nhà tuần này dài ngoằng","Bài tập","BaiTapVeNha","4","","m8a_uniform","v2"
"ai làm xong assignment Toán chưa cho t copy tẹo =)) 👍","Bài tập","BaiTapVeNha","3","","m8a_uniform","v2"
"nay làm bài ktra ngu vkl hi vọng trên trung bình","Kiểm tra ngu vkl hi vọng trên trung bình","KiemTraThuongXuyen","3","nay","m8a_uniform","v2"
"Bài tập lớn môn Văn hóa doanh nghiệp khá nặng, mình đang chia nhỏ công việc để làm dần.","Bài tập","BaiTapVeNha","3","","m8a_uniform","v2"
"Mình cần ôn gấp cho bài thi giữa kỳ Kinh tế vĩ mô, nội dung khá nhiều.","Thi giữa kỳ Kinh tế vĩ mô, nội dung khá nhiề","ThiCuoiKy","5","","m8a_uniform","v2"
"chuẩn bị thi final Kỹ năng mềm rôi lo quá","Thi final Kỹ năng mềm rôi lo quá","ThiCuoiKy","5","","m8a_uniform","v2"
"đợt này test nhỏ c++ căng 😵‍💫","Test","KiemTraThuongXuyen","4","tuần sau","m8a_uniform","v2"
"Chiều mai kiểm tra Lý, ai còn tài liệu ôn tập cho mình xin với.","Kiểm tra Lý, ai còn tài liệu ôn tập cho mình xin ","KiemTraThuongXuyen","3","mai","m8a_uniform","v2"
"chuẩn bị thi final Hóa rôi lo quá 😭","Thi final Hóa rôi lo quá 😭","ThiCuoiKy","5","","m8a_uniform","v2"
"team mình exam qua môn là được","Thi","ThiCuoiKy","4","hôm nay","m8a_uniform","v2"
"m 15p tin học tuan sau","Kiểm tra 15 phút","KiemTraThuongXuyen","3","chiều nay","m8a_uniform","v2"
"Chiều mai kiểm tra Lịch sử Đảng, ai còn tài liệu ôn tập cho mình xin với.","Kiểm tra Lịch sử Đảng, ai còn tài liệu ôn tập cho","KiemTraThuongXuyen","3","mai","m8a_uniform","v2"
"Thầy nhắc nộp báo cáo Hóa phân tích, mình cần kiểm tra lại format trước khi gửi.","Kiểm tra lại format trước khi gửi","KiemTraThuongXuyen","3","","m8a_uniform","v2"
"15p tin học tuan sau","Kiểm tra 15 phút","KiemTraThuongXuyen","3","thứ 3","m8a_uniform","v2"
"test anh văn bà cô gác gắt quá t d copy đc con me j","Kiểm tra","KiemTraThuongXuyen","3","","m8a_uniform","v2"
"Ai có đề cương thi cuối kỳ môn Phương trình vi phân cho mình xin tham khảo.","Thi cuối kỳ môn Phương trình vi phân cho mìn","ThiCuoiKy","3","","m8a_uniform","v2"
"Bài tập môn Xác suất thống kê có vài câu khó, mình đang đối chiếu tài liệu.","Bài tập","BaiTapVeNha","5","","m8a_uniform","v2"
"Đồ án môn Lập trình mobile còn nhiều việc chưa xong, nhóm mình đang chạy deadline.","Làm project","BaiTapVeNha","4","","m8a_uniform","v2"
"team mình đợt này test nhỏ c++ 😭 💀","Test","KiemTraThuongXuyen","2","thứ 3","m8a_uniform","v2"
"tao quiz anh văn :)) 🔥","Quiz","KiemTraThuongXuyen","3","mai","m8a_uniform","v2"
"assignment Lập trình về nhà tuần này dài ngoằng","Bài tập","BaiTapVeNha","4","","m8a_uniform","v2"
"Deadline đồ án Phát triển ứng dụng web đã gần, mình cần hoàn thiện phần demo.","Làm project","BaiTapVeNha","4","","m8a_uniform","v2"
"Nhóm mình cần nộp bài tập môn Tài chính quốc tế trong tuần này.","Bài tập","BaiTapVeNha","3","","m8a_uniform","v2"
"bài tập Hóa về nhà tuần này dài ngoằng 👍","Bài tập","BaiTapVeNha","4","","m8a_uniform","v2"
"team mình mai test anh văn lụm ✨","Test","KiemTraThuongXuyen","3","hôm nay","m8a_uniform","v2"
"pop quiz Lý dễ ăn điểm lắm 😂","Kiểm tra","KiemTraThuongXuyen","3","","m8a_uniform","v2"
"exam c cuối tuần","Thi","ThiCuoiKy","5","tháng sau","m8a_uniform","v2"
"Thầy nhắc nộp báo cáo Vật liệu xây dựng, mình cần kiểm tra lại format trước khi gửi.","Kiểm tra lại format trước khi gửi","KiemTraThuongXuyen","3","","m8a_uniform","v2"
"em exam c cuối tuần vl 🔥","Thi","ThiCuoiKy","4","tháng sau","m8a_uniform","v2"
"ai làm xong assignment Kỹ năng mềm chưa cho t copy tẹo =)) 🔥","Bài tập","BaiTapVeNha","3","","m8a_uniform","v2"
"Bài tập lớn môn Nguyên lý máy tính phải nộp tuần 12, thầy yêu cầu mô phỏng pipeline.","Bài tập","BaiTapVeNha","3","","m8a_uniform","v2"
"ai làm xong assignment Lập trình chưa cho t copy tẹo =)) hz","Bài tập","BaiTapVeNha","3","","m8a_uniform","v2"
"Mình cần chuẩn bị cho bài kiểm tra Lịch sử Đảng, độ khó khá cao.","Kiểm tra Lịch sử Đảng, độ khó khá cao","KiemTraThuongXuyen","3","","m8a_uniform","v2"
"lịch thi ra rồi đm 🔥","Thi","ThiCuoiKy","5","hôm nay","m8a_uniform","v2"
"Bài tập này khó quá, có ai làm xong chưa, mình cần tham khảo","Bài tập","BaiTapVeNha","5","","m8a_uniform","v2"
"ai làm xong assignment Hóa chưa cho t copy tẹo =)) 😂","Bài tập","BaiTapVeNha","3","","m8a_uniform","v2"
"tao thi giữa kỳ triết","Thi","ThiCuoiKy","4","thứ 2","m8a_uniform","v2"
"pop quiz Kỹ năng mềm dễ ăn điểm lắm","Kiểm tra","KiemTraThuongXuyen","3","","m8a_uniform","v2"
"deadline project final là 23h59 chủ nhật nha","Kiểm tra","ThiCuoiKy","3","chủ nhật","m8a_uniform","v2"
"dm mai thi mac thay mo t run wa","Thi mac thay mo t run wa","ThiCuoiKy","3","mai","m8a_uniform","v2"
"anh mai test anh văn","Test","KiemTraThuongXuyen","3","mai","m8a_uniform","v2"
"team mình ô n thi đợt này","Thi","ThiCuoiKy","5","tháng sau","m8a_uniform","v2"
"Bài tập nhóm Marketing đang thiếu một vài phần, cần họp nhóm gấp.","Bài tập","BaiTapVeNha","5","","m8a_uniform","v2"
"mai thi mác lenin 120 câu trắc nghiệm dã man","Thi mác lenin 120 câu trắc nghiệm dã man","ThiCuoiKy","3","mai","m8a_uniform","v2"
"ktra nhanh cuối buổi căng ⏰","Kiểm tra","KiemTraThuongXuyen","2","hôm nay","m8a_uniform","v2"
"cô cho bài tập về nhà mon ktvm nhưng mình ghi ko kịp đề, ai chụp giúp mình với","Bài tập","BaiTapVeNha","3","","m8a_uniform","v2"
"chuẩn bị thi final Lập trenh roi lo qua","Thi final Lập trenh roi lo qua","ThiCuoiKy","5","","m8a_uniform","v2"
"Mình chưa xong bài tập Lập trình Java, tối nay phải làm dứt điểm.","Bài tập","BaiTapVeNha","3","tối nay","m8a_uniform","v2"
"Đồ án môn Kỹ thuật phần mềm còn nhiều việc chưa xong, nhóm mình đang chạy deadline.","Làm project","BaiTapVeNha","4","","m8a_uniform","v2"
"team mình chuẩn bị final căng ⏰","Thi cuối kỳ","ThiCuoiKy","5","mai","m8a_uniform","v2"
"có ai rành edit video k phụ t cái clip bài tập này vs","Bài tập","BaiTapVeNha","3","","m8a_uniform","v2"
"mai có test math k nhỉ","Kiểm tra","KiemTraThuongXuyen","3","mai","m8a_uniform","v2"
"Tuần này có bài kiểm tra môn Kỹ thuật nhiệt, mình đang ôn lại nội dung chính.","Kiểm tra môn Kỹ thuật nhiệt, mình đang ôn lại nội","KiemTraThuongXuyen","3","","m8a_uniform","v2"
"project môn Kỹ năng mềm đang trễ tiến độ","Làm project","BaiTapVeNha","4","","m8a_uniform","v2"
"Đợt thi giữa kỳ môn Sinh thái học môi trường khó hơn mình dự kiến, phải tập trung hơn.","Thi giữa kỳ môn Sinh thái học môi trường khó","ThiCuoiKy","5","","m8a_uniform","v2"
"Bài tập này khó quá, có ai làm xong chưa?","Bài tập","BaiTapVeNha","5","","m8a_uniform","v2"
"Bài tập nhóm Thống kê ứng dụng đang thiếu một vài phần, cần họp nhóm gấp.","Bài tập","BaiTapVeNha","5","","m8a_uniform","v2"
"m test anh văn đm 😵‍💫","Test","KiemTraThuongXuyen","2","tuần sau","m8a_uniform","v2"
"chuẩn bị thi final Lập trình rôi lo quá","Thi final Lập trình rôi lo quá","ThiCuoiKy","5","","m8a_uniform","v2"
